#
# A fatal error has been detected by the Java Runtime Environment:
#
#  SIGSEGV (0xb) at pc=0x00007f7f2a1b4975, pid=10518, tid=10528
#
# JRE version: OpenJDK Runtime Environment (17.0.18+8) (build 17.0.18+8-nixos)
# Java VM: OpenJDK 64-Bit Server VM (17.0.18+8-nixos, mixed mode, sharing, tiered, compressed oops, compressed class ptrs, g1 gc, linux-amd64)
# Problematic frame:
# C  [libarc64.so+0x77975]
#
# Core dump will be written. Default location: Core dumps may be processed with "/nix/store/33i6hwcs8b2j26vvsg03n27ym101vhj3-systemd/lib/systemd/systemd-coredump %P %u %g %s %t %c %h %d %F" (or dumping to /home/inf/nix-config/etc/disko/core.10518)
#
# If you would like to submit a bug report, please visit:
#   https://bugreport.java.com/bugreport/crash.jsp
# The crash happened outside the Java Virtual Machine in native code.
# See problematic frame for where to report the bug.
#

---------------  S U M M A R Y ------------

Command Line: /nix/store/ph18kx2xxj3534njbbsaky501d6ch63f-mindustry-153/share/mindustry.jar

Host: AMD Ryzen 5 3600 6-Core Processor, 12 cores, 31G, NixOS 26.05 (Yarara)
Time: Mon Feb 23 01:37:43 2026 MSK elapsed time: 693.542786 seconds (0d 0h 11m 33s)

---------------  T H R E A D  ---------------

Current thread (0x00007f7fb0018710):  JavaThread "main" [_thread_in_native, id=10528, stack(0x00007f7fb6a5f000,0x00007f7fb6b5f000)]

Stack: [0x00007f7fb6a5f000,0x00007f7fb6b5f000],  sp=0x00007f7fb6b5c288,  free space=1012k
Native frames: (J=compiled Java code, j=interpreted, Vv=VM code, C=native code)
C  [libarc64.so+0x77975]
C  [libpulsecommon-17.0.so+0x48d72]  run_action+0x52
C  [libpulsecommon-17.0.so+0x49120]  pa_pdispatch_run+0x1a0
C  [libpulse.so.0+0x13167]  pstream_packet_callback+0x47
C  [libpulsecommon-17.0.so+0x4bb22]  do_read+0x1a2
C  [libpulsecommon-17.0.so+0x4ebaf]  do_pstream_read_write+0x12f
C  [libpulse.so.0+0x292d8]  pa_mainloop_dispatch+0x128
C  [libpulse.so.0+0x2970f]  pa_mainloop_iterate+0x3f
C  [libarc64.so+0x77cc8]
C  [libarc64.so+0x9b768]
C  [libarc64.so+0x949d6]  ma_device_init+0x596
C  [libarc64.so+0x95474]  ma_device_init_ex+0x104
C  [libarc64.so+0xa544f]  SoLoud::miniaudio_init(SoLoud::Soloud*, unsigned int, unsigned int, unsigned int, unsigned int)+0x8f
C  [libarc64.so+0xa99c0]  SoLoud::Soloud::init(unsigned int, unsigned int, unsigned int, unsigned int, unsigned int)+0xc0
C  [libarc64.so+0x318fa]  Java_arc_audio_Soloud_init+0x2a
j  arc.audio.Soloud.init()V+0
j  arc.audio.Audio.initialize()V+0
j  arc.audio.Audio.<init>(Z)V+47
j  arc.backend.sdl.SdlApplication.<init>(Larc/ApplicationListener;Larc/backend/sdl/SdlConfig;)V+135
j  mindustry.desktop.DesktopLauncher.main([Ljava/lang/String;)V+26
v  ~StubRoutines::call_stub
V  [libjvm.so+0x88d3ba]  JavaCalls::call_helper(JavaValue*, methodHandle const&, JavaCallArguments*, JavaThread*)+0x31a
V  [libjvm.so+0x931382]  jni_invoke_static(JNIEnv_*, JavaValue*, _jobject*, JNICallType, _jmethodID*, JNI_ArgumentPusher*, JavaThread*) [clone .constprop.1]+0x392
V  [libjvm.so+0x934151]  jni_CallStaticVoidMethod+0x161
C  [libjli.so+0x5967]  JavaMain+0xd97
C  [libjli.so+0x9299]  ThreadJavaMain+0x9
C  [libc.so.6+0x9dd53]  start_thread+0x2e3

Java frames: (J=compiled Java code, j=interpreted, Vv=VM code)
j  arc.audio.Soloud.init()V+0
j  arc.audio.Audio.initialize()V+0
j  arc.audio.Audio.<init>(Z)V+47
j  arc.backend.sdl.SdlApplication.<init>(Larc/ApplicationListener;Larc/backend/sdl/SdlConfig;)V+135
j  mindustry.desktop.DesktopLauncher.main([Ljava/lang/String;)V+26
v  ~StubRoutines::call_stub

siginfo: si_signo: 11 (SIGSEGV), si_code: 1 (SEGV_MAPERR), si_addr: 0x0000000000000000

Registers:
RAX=0x00007f7f2a1b4960, RBX=0x00007f7fb03b7920, RCX=0x0000000000000034, RDX=0x00000000ffffffff
RSP=0x00007f7fb6b5c288, RBP=0x00007f7fb6b5c4a0, RSI=0x0000000000000000, RDI=0x00007f7fb6b5c810
R8 =0x0000000000000000, R9 =0x0000000000000000, R10=0x0000000000000000, R11=0x0000000000000000
R12=0x00007f7fb07f7a40, R13=0x00007f7f297a7e80, R14=0x0000000000000002, R15=0x00007f7fb07f7a40
RIP=0x00007f7f2a1b4975, EFLAGS=0x0000000000010202, CSGSFS=0x002b000000000033, ERR=0x0000000000000004
  TRAPNO=0x000000000000000e

XMM[0]=0x0000000000000000 0x0000000000000000
XMM[1]=0x000000000000000f 0x000000000000000f
XMM[2]=0x0000000000000000 0x00007f7fb07ffb60
XMM[3]=0x00007f7fb07ffb60 0x0000000000000000
XMM[4]=0x0000000000000000 0x00007f7fb0000090
XMM[5]=0x5f6e6f6973736573 0x2e737365636f7270
XMM[6]=0x3232613566363531 0x6366386663616535
XMM[7]=0x000078210000004c 0x0064695f656e6968
XMM[8]=0x6163696c70706174 0x00303a0300000078
XMM[9]=0xffffff00ff00ff00 0x00ffff00ffff0000
XMM[10]=0x00ff00000000ff00 0x0000000000000000
XMM[11]=0x9999999999999999 0x9999999999999999
XMM[12]=0x2020202020202020 0x2020202020202020
XMM[13]=0x0000000000000000 0x00007f7ee4d9b140
XMM[14]=0x0000000000000000 0x0407060500030201
XMM[15]=0x0000000000000000 0x0000000000000000
  MXCSR=0x00001fa0


Register to memory mapping:

RAX=0x00007f7f2a1b4960: <offset 0x0000000000077960> in /tmp/arc/b5d7d527/libarc64.so at 0x00007f7f2a13d000
RBX=0x00007f7fb03b7920 points into unknown readable memory: 0x00007f7fb063c4a8 | a8 c4 63 b0 7f 7f 00 00
RCX=0x0000000000000034 is an unknown value
RDX=0x00000000ffffffff is an unknown value
RSP=0x00007f7fb6b5c288 is pointing into the stack for thread: 0x00007f7fb0018710
RBP=0x00007f7fb6b5c4a0 is pointing into the stack for thread: 0x00007f7fb0018710
RSI=0x0 is NULL
RDI=0x00007f7fb6b5c810 is pointing into the stack for thread: 0x00007f7fb0018710
R8 =0x0 is NULL
R9 =0x0 is NULL
R10=0x0 is NULL
R11=0x0 is NULL
R12=0x00007f7fb07f7a40 points into unknown readable memory: 0x0000000000000003 | 03 00 00 00 00 00 00 00
R13=0x00007f7f297a7e80: <offset 0x000000000001ee80> in /nix/store/cfmbxsnjz9zvp1rl0h84hp93lxi6bp2f-libpulseaudio-17.0/lib/libpulse.so.0 at 0x00007f7f29789000
R14=0x0000000000000002 is an unknown value
R15=0x00007f7fb07f7a40 points into unknown readable memory: 0x0000000000000003 | 03 00 00 00 00 00 00 00


Top of Stack: (sp=0x00007f7fb6b5c288)
0x00007f7fb6b5c288:   00007f7f297a8369 0000000000000000
0x00007f7fb6b5c298:   00007f7fb6b5e6c0 00007f7fb6b5c2c0
0x00007f7fb6b5c2a8:   00007f7fb869a084 0000000000000001
0x00007f7fb6b5c2b8:   00007f7fb07c5a60 0000000000000000
0x00007f7fb6b5c2c8:   0000000000000000 0000000000000000
0x00007f7fb6b5c2d8:   0000000000000000 0000000000000000
0x00007f7fb6b5c2e8:   0000000000000000 0000000000000000
0x00007f7fb6b5c2f8:   0000000000000000 0000000000000000
0x00007f7fb6b5c308:   0000000000000000 0000000000000000
0x00007f7fb6b5c318:   0000000000000000 0000000000000000
0x00007f7fb6b5c328:   0000000000000000 0000000000000000
0x00007f7fb6b5c338:   0000000000000000 0000000000000000
0x00007f7fb6b5c348:   0000000000000000 0000000000000000
0x00007f7fb6b5c358:   0000000000000000 0000000000000000
0x00007f7fb6b5c368:   0000000000000000 0000000000000000
0x00007f7fb6b5c378:   0000000000000000 0000000000000000
0x00007f7fb6b5c388:   0000000000000000 0000000000000000
0x00007f7fb6b5c398:   0000000000000000 0000000000000000
0x00007f7fb6b5c3a8:   0000000000000000 0000000000000000
0x00007f7fb6b5c3b8:   0000000000000000 0000000000000000
0x00007f7fb6b5c3c8:   0000000000000000 0000000000000000
0x00007f7fb6b5c3d8:   0000000000000000 0000000000000000
0x00007f7fb6b5c3e8:   0000000000000000 0000000000000000
0x00007f7fb6b5c3f8:   0000000000000000 0000000000000000
0x00007f7fb6b5c408:   0000000000000000 0000000000000000
0x00007f7fb6b5c418:   0000000000000000 0000000000000000
0x00007f7fb6b5c428:   0000000000000000 0000000000000000
0x00007f7fb6b5c438:   0000000000000000 0000000000000000
0x00007f7fb6b5c448:   0000000000000000 0000000000000000
0x00007f7fb6b5c458:   0000000000000000 00007f7fb6b5c480
0x00007f7fb6b5c468:   d0a85608bf650100 00007f7fb0800010
0x00007f7fb6b5c478:   00007f7fb07ffb10 00007f7fb0800010 

Instructions: (pc=0x00007f7f2a1b4975)
0x00007f7f2a1b4875:   2e 0f 1f 84 00 00 00 00 00 66 90 55 48 89 e5 48
0x00007f7f2a1b4885:   83 ec 10 48 89 7d f0 48 89 75 f8 48 85 ff 0f 84
0x00007f7f2a1b4895:   0f 7b fb ff 48 8b 47 20 48 85 c0 74 0a 48 8d 7d
0x00007f7f2a1b48a5:   f0 ff d0 48 8b 7d f0 48 8b 47 28 48 85 c0 74 06
0x00007f7f2a1b48b5:   83 7d f8 01 74 15 c9 31 c0 31 d2 31 c9 31 f6 31
0x00007f7f2a1b48c5:   ff c3 66 0f 1f 84 00 00 00 00 00 ff d0 c9 31 c0
0x00007f7f2a1b48d5:   31 d2 31 c9 31 f6 31 ff c3 66 90 55 48 89 e5 48
0x00007f7f2a1b48e5:   85 ff 0f 84 da 7a fb ff 48 8b 07 48 8b 97 10 0d
0x00007f7f2a1b48f5:   00 00 48 89 d7 ff 90 d8 01 00 00 31 c0 5d 31 d2
0x00007f7f2a1b4905:   31 c9 31 f6 31 ff c3 0f 1f 40 00 48 85 d2 0f 84
0x00007f7f2a1b4915:   cd 7a fb ff 89 32 31 d2 31 c9 31 f6 31 ff c3 66
0x00007f7f2a1b4925:   66 2e 0f 1f 84 00 00 00 00 00 90 85 d2 7f 14 48
0x00007f7f2a1b4935:   85 c9 0f 84 cc 7a fb ff 48 89 cf b9 34 00 00 00
0x00007f7f2a1b4945:   f3 48 a5 31 c0 31 d2 31 c9 31 f6 31 ff c3 66 66
0x00007f7f2a1b4955:   2e 0f 1f 84 00 00 00 00 00 66 90 85 d2 7f 14 48
0x00007f7f2a1b4965:   85 c9 0f 84 bf 7a fb ff 48 89 cf b9 34 00 00 00
0x00007f7f2a1b4975:   f3 48 a5 31 c0 31 d2 31 c9 31 f6 31 ff c3 66 66
0x00007f7f2a1b4985:   2e 0f 1f 84 00 00 00 00 00 66 90 55 48 89 f8 48
0x00007f7f2a1b4995:   89 f7 48 89 e5 53 48 83 ec 18 4c 8b 55 10 48 85
0x00007f7f2a1b49a5:   f6 0f 84 e5 7a fb ff 4d 85 d2 0f 84 bd 7a fb ff
0x00007f7f2a1b49b5:   41 83 ba 04 02 00 00 3f 77 5b 48 89 d6 89 cb 44
0x00007f7f2a1b49c5:   89 4d ec 31 c9 4c 89 55 10 44 89 ca 44 89 45 e8
0x00007f7f2a1b49d5:   ff 90 90 02 00 00 85 c0 75 3b 4c 8b 55 10 66 0f
0x00007f7f2a1b49e5:   6e 55 e8 66 0f 6e c3 66 0f 6e 4d ec 41 8b 92 04
0x00007f7f2a1b49f5:   02 00 00 66 0f 62 c2 66 0f 6c c1 48 89 d0 48 c1
0x00007f7f2a1b4a05:   e2 04 42 0f 11 84 12 08 02 00 00 83 c0 01 41 89
0x00007f7f2a1b4a15:   82 04 02 00 00 48 8b 5d f8 c9 31 c0 31 d2 31 c9
0x00007f7f2a1b4a25:   31 f6 31 ff 45 31 c0 45 31 c9 45 31 d2 c3 66 66
0x00007f7f2a1b4a35:   2e 0f 1f 84 00 00 00 00 00 66 90 55 48 89 e5 41
0x00007f7f2a1b4a45:   57 41 56 41 55 41 54 49 89 d4 48 8d 55 c4 53 48
0x00007f7f2a1b4a55:   89 fb 4c 89 e7 48 83 ec 48 89 4d a4 48 89 75 a8
0x00007f7f2a1b4a65:   48 8d 75 bc 44 89 45 a0 64 4c 8b 2c 25 28 00 00 


Stack slot to memory mapping:
stack at sp + 0 slots: 0x00007f7f297a8369: <offset 0x000000000001f369> in /nix/store/cfmbxsnjz9zvp1rl0h84hp93lxi6bp2f-libpulseaudio-17.0/lib/libpulse.so.0 at 0x00007f7f29789000
stack at sp + 1 slots: 0x0 is NULL
stack at sp + 2 slots: 0x00007f7fb6b5e6c0 is pointing into the stack for thread: 0x00007f7fb0018710
stack at sp + 3 slots: 0x00007f7fb6b5c2c0 is pointing into the stack for thread: 0x00007f7fb0018710
stack at sp + 4 slots: 0x00007f7fb869a084: <offset 0x000000000009a084> in /nix/store/wb6rhpznjfczwlwx23zmdrrw74bayxw4-glibc-2.42-47/lib/libc.so.6 at 0x00007f7fb8600000
stack at sp + 5 slots: 0x0000000000000001 is an unknown value
stack at sp + 6 slots: 0x00007f7fb07c5a60 points into unknown readable memory: 0x0000000000000000 | 00 00 00 00 00 00 00 00
stack at sp + 7 slots: 0x0 is NULL


---------------  P R O C E S S  ---------------

Threads class SMR info:
_java_thread_list=0x00007f7ee0000cb0, length=11, elements={
0x00007f7fb0018710, 0x00007f7fb014b870, 0x00007f7fb014cce0, 0x00007f7fb01522c0,
0x00007f7fb0153700, 0x00007f7fb0154ba0, 0x00007f7fb01565e0, 0x00007f7fb0157ba0,
0x00007f7fb0161090, 0x00007f7fb0168880, 0x00007f7fb016c260
}

Java Threads: ( => current thread )
=>0x00007f7fb0018710 JavaThread "main" [_thread_in_native, id=10528, stack(0x00007f7fb6a5f000,0x00007f7fb6b5f000)]
  0x00007f7fb014b870 JavaThread "Reference Handler" daemon [_thread_blocked, id=10546, stack(0x00007f7f2ad2d000,0x00007f7f2ae2d000)]
  0x00007f7fb014cce0 JavaThread "Finalizer" daemon [_thread_blocked, id=10547, stack(0x00007f7f2ac2d000,0x00007f7f2ad2d000)]
  0x00007f7fb01522c0 JavaThread "Signal Dispatcher" daemon [_thread_blocked, id=10550, stack(0x00007f7f2ab2d000,0x00007f7f2ac2d000)]
  0x00007f7fb0153700 JavaThread "Service Thread" daemon [_thread_blocked, id=10551, stack(0x00007f7f2aa2d000,0x00007f7f2ab2d000)]
  0x00007f7fb0154ba0 JavaThread "Monitor Deflation Thread" daemon [_thread_blocked, id=10552, stack(0x00007f7f2a92d000,0x00007f7f2aa2d000)]
  0x00007f7fb01565e0 JavaThread "C2 CompilerThread0" daemon [_thread_blocked, id=10553, stack(0x00007f7f2a82d000,0x00007f7f2a92d000)]
  0x00007f7fb0157ba0 JavaThread "C1 CompilerThread0" daemon [_thread_blocked, id=10554, stack(0x00007f7f2a72d000,0x00007f7f2a82d000)]
  0x00007f7fb0161090 JavaThread "Sweeper thread" daemon [_thread_blocked, id=10555, stack(0x00007f7f2a62d000,0x00007f7f2a72d000)]
  0x00007f7fb0168880 JavaThread "Notification Thread" daemon [_thread_blocked, id=10556, stack(0x00007f7f2a52d000,0x00007f7f2a62d000)]
  0x00007f7fb016c260 JavaThread "Common-Cleaner" daemon [_thread_blocked, id=10558, stack(0x00007f7f2a32c000,0x00007f7f2a42c000)]

Other Threads:
  0x00007f7fb0147810 VMThread "VM Thread" [stack: 0x00007f7f2ae2e000,0x00007f7f2af2e000] [id=10545]
  0x00007f7fb016a250 WatcherThread [stack: 0x00007f7f2a42d000,0x00007f7f2a52d000] [id=10557]
  0x00007f7fb00468e0 GCTaskThread "GC Thread#0" [stack: 0x00007f7fb4589000,0x00007f7fb4689000] [id=10540]
  0x00007f7fb00579d0 ConcurrentGCThread "G1 Main Marker" [stack: 0x00007f7fb4488000,0x00007f7fb4588000] [id=10541]
  0x00007f7fb00589d0 ConcurrentGCThread "G1 Conc#0" [stack: 0x00007f7fb4387000,0x00007f7fb4487000] [id=10542]
  0x00007f7fb0117290 ConcurrentGCThread "G1 Refine#0" [stack: 0x00007f7f841f9000,0x00007f7f842f9000] [id=10543]
  0x00007f7fb0118220 ConcurrentGCThread "G1 Service" [stack: 0x00007f7f840f8000,0x00007f7f841f8000] [id=10544]

Threads with active compile tasks:

VM state: not at safepoint (normal execution)

VM Mutex/Monitor currently owned by a thread: None

Heap address: 0x000000060b800000, size: 8008 MB, Compressed Oops mode: Zero based, Oop shift amount: 3

CDS archive(s) mapped at: [0x00007f7f2f000000-0x00007f7f2fbc7000-0x00007f7f2fbc7000), size 12349440, SharedBaseAddress: 0x00007f7f2f000000, ArchiveRelocationMode: 1.
Compressed class space mapped at: 0x00007f7f30000000-0x00007f7f70000000, reserved size: 1073741824
Narrow klass base: 0x00007f7f2f000000, Narrow klass shift: 0, Narrow klass range: 0x100000000

GC Precious Log:
 CPUs: 12 total, 12 available
 Memory: 32022M
 Large Page Support: Disabled
 NUMA Support: Disabled
 Compressed Oops: Enabled (Zero based)
 Heap Region Size: 4M
 Heap Min Capacity: 8M
 Heap Initial Capacity: 504M
 Heap Max Capacity: 8008M
 Pre-touch: Disabled
 Parallel Workers: 10
 Concurrent Workers: 3
 Concurrent Refinement Workers: 10
 Periodic GC: Disabled

Heap:
 garbage-first heap   total 524288K, used 8116K [0x000000060b800000, 0x0000000800000000)
  region size 4096K, 2 young (8192K), 0 survivors (0K)
 Metaspace       used 3115K, committed 3200K, reserved 1114112K
  class space    used 257K, committed 320K, reserved 1048576K

Heap Regions: E=young(eden), S=young(survivor), O=old, HS=humongous(starts), HC=humongous(continues), CS=collection set, F=free, OA=open archive, CA=closed archive, TAMS=top-at-mark-start (previous, next)
|   0|0x000000060b800000, 0x000000060b800000, 0x000000060bc00000|  0%| F|  |TAMS 0x000000060b800000, 0x000000060b800000| Untracked 
|   1|0x000000060bc00000, 0x000000060bc00000, 0x000000060c000000|  0%| F|  |TAMS 0x000000060bc00000, 0x000000060bc00000| Untracked 
|   2|0x000000060c000000, 0x000000060c000000, 0x000000060c400000|  0%| F|  |TAMS 0x000000060c000000, 0x000000060c000000| Untracked 
|   3|0x000000060c400000, 0x000000060c400000, 0x000000060c800000|  0%| F|  |TAMS 0x000000060c400000, 0x000000060c400000| Untracked 
|   4|0x000000060c800000, 0x000000060c800000, 0x000000060cc00000|  0%| F|  |TAMS 0x000000060c800000, 0x000000060c800000| Untracked 
|   5|0x000000060cc00000, 0x000000060cc00000, 0x000000060d000000|  0%| F|  |TAMS 0x000000060cc00000, 0x000000060cc00000| Untracked 
|   6|0x000000060d000000, 0x000000060d000000, 0x000000060d400000|  0%| F|  |TAMS 0x000000060d000000, 0x000000060d000000| Untracked 
|   7|0x000000060d400000, 0x000000060d400000, 0x000000060d800000|  0%| F|  |TAMS 0x000000060d400000, 0x000000060d400000| Untracked 
|   8|0x000000060d800000, 0x000000060d800000, 0x000000060dc00000|  0%| F|  |TAMS 0x000000060d800000, 0x000000060d800000| Untracked 
|   9|0x000000060dc00000, 0x000000060dc00000, 0x000000060e000000|  0%| F|  |TAMS 0x000000060dc00000, 0x000000060dc00000| Untracked 
|  10|0x000000060e000000, 0x000000060e000000, 0x000000060e400000|  0%| F|  |TAMS 0x000000060e000000, 0x000000060e000000| Untracked 
|  11|0x000000060e400000, 0x000000060e400000, 0x000000060e800000|  0%| F|  |TAMS 0x000000060e400000, 0x000000060e400000| Untracked 
|  12|0x000000060e800000, 0x000000060e800000, 0x000000060ec00000|  0%| F|  |TAMS 0x000000060e800000, 0x000000060e800000| Untracked 
|  13|0x000000060ec00000, 0x000000060ec00000, 0x000000060f000000|  0%| F|  |TAMS 0x000000060ec00000, 0x000000060ec00000| Untracked 
|  14|0x000000060f000000, 0x000000060f000000, 0x000000060f400000|  0%| F|  |TAMS 0x000000060f000000, 0x000000060f000000| Untracked 
|  15|0x000000060f400000, 0x000000060f400000, 0x000000060f800000|  0%| F|  |TAMS 0x000000060f400000, 0x000000060f400000| Untracked 
|  16|0x000000060f800000, 0x000000060f800000, 0x000000060fc00000|  0%| F|  |TAMS 0x000000060f800000, 0x000000060f800000| Untracked 
|  17|0x000000060fc00000, 0x000000060fc00000, 0x0000000610000000|  0%| F|  |TAMS 0x000000060fc00000, 0x000000060fc00000| Untracked 
|  18|0x0000000610000000, 0x0000000610000000, 0x0000000610400000|  0%| F|  |TAMS 0x0000000610000000, 0x0000000610000000| Untracked 
|  19|0x0000000610400000, 0x0000000610400000, 0x0000000610800000|  0%| F|  |TAMS 0x0000000610400000, 0x0000000610400000| Untracked 
|  20|0x0000000610800000, 0x0000000610800000, 0x0000000610c00000|  0%| F|  |TAMS 0x0000000610800000, 0x0000000610800000| Untracked 
|  21|0x0000000610c00000, 0x0000000610c00000, 0x0000000611000000|  0%| F|  |TAMS 0x0000000610c00000, 0x0000000610c00000| Untracked 
|  22|0x0000000611000000, 0x0000000611000000, 0x0000000611400000|  0%| F|  |TAMS 0x0000000611000000, 0x0000000611000000| Untracked 
|  23|0x0000000611400000, 0x0000000611400000, 0x0000000611800000|  0%| F|  |TAMS 0x0000000611400000, 0x0000000611400000| Untracked 
|  24|0x0000000611800000, 0x0000000611800000, 0x0000000611c00000|  0%| F|  |TAMS 0x0000000611800000, 0x0000000611800000| Untracked 
|  25|0x0000000611c00000, 0x0000000611c00000, 0x0000000612000000|  0%| F|  |TAMS 0x0000000611c00000, 0x0000000611c00000| Untracked 
|  26|0x0000000612000000, 0x0000000612000000, 0x0000000612400000|  0%| F|  |TAMS 0x0000000612000000, 0x0000000612000000| Untracked 
|  27|0x0000000612400000, 0x0000000612400000, 0x0000000612800000|  0%| F|  |TAMS 0x0000000612400000, 0x0000000612400000| Untracked 
|  28|0x0000000612800000, 0x0000000612800000, 0x0000000612c00000|  0%| F|  |TAMS 0x0000000612800000, 0x0000000612800000| Untracked 
|  29|0x0000000612c00000, 0x0000000612c00000, 0x0000000613000000|  0%| F|  |TAMS 0x0000000612c00000, 0x0000000612c00000| Untracked 
|  30|0x0000000613000000, 0x0000000613000000, 0x0000000613400000|  0%| F|  |TAMS 0x0000000613000000, 0x0000000613000000| Untracked 
|  31|0x0000000613400000, 0x0000000613400000, 0x0000000613800000|  0%| F|  |TAMS 0x0000000613400000, 0x0000000613400000| Untracked 
|  32|0x0000000613800000, 0x0000000613800000, 0x0000000613c00000|  0%| F|  |TAMS 0x0000000613800000, 0x0000000613800000| Untracked 
|  33|0x0000000613c00000, 0x0000000613c00000, 0x0000000614000000|  0%| F|  |TAMS 0x0000000613c00000, 0x0000000613c00000| Untracked 
|  34|0x0000000614000000, 0x0000000614000000, 0x0000000614400000|  0%| F|  |TAMS 0x0000000614000000, 0x0000000614000000| Untracked 
|  35|0x0000000614400000, 0x0000000614400000, 0x0000000614800000|  0%| F|  |TAMS 0x0000000614400000, 0x0000000614400000| Untracked 
|  36|0x0000000614800000, 0x0000000614800000, 0x0000000614c00000|  0%| F|  |TAMS 0x0000000614800000, 0x0000000614800000| Untracked 
|  37|0x0000000614c00000, 0x0000000614c00000, 0x0000000615000000|  0%| F|  |TAMS 0x0000000614c00000, 0x0000000614c00000| Untracked 
|  38|0x0000000615000000, 0x0000000615000000, 0x0000000615400000|  0%| F|  |TAMS 0x0000000615000000, 0x0000000615000000| Untracked 
|  39|0x0000000615400000, 0x0000000615400000, 0x0000000615800000|  0%| F|  |TAMS 0x0000000615400000, 0x0000000615400000| Untracked 
|  40|0x0000000615800000, 0x0000000615800000, 0x0000000615c00000|  0%| F|  |TAMS 0x0000000615800000, 0x0000000615800000| Untracked 
|  41|0x0000000615c00000, 0x0000000615c00000, 0x0000000616000000|  0%| F|  |TAMS 0x0000000615c00000, 0x0000000615c00000| Untracked 
|  42|0x0000000616000000, 0x0000000616000000, 0x0000000616400000|  0%| F|  |TAMS 0x0000000616000000, 0x0000000616000000| Untracked 
|  43|0x0000000616400000, 0x0000000616400000, 0x0000000616800000|  0%| F|  |TAMS 0x0000000616400000, 0x0000000616400000| Untracked 
|  44|0x0000000616800000, 0x0000000616800000, 0x0000000616c00000|  0%| F|  |TAMS 0x0000000616800000, 0x0000000616800000| Untracked 
|  45|0x0000000616c00000, 0x0000000616c00000, 0x0000000617000000|  0%| F|  |TAMS 0x0000000616c00000, 0x0000000616c00000| Untracked 
|  46|0x0000000617000000, 0x0000000617000000, 0x0000000617400000|  0%| F|  |TAMS 0x0000000617000000, 0x0000000617000000| Untracked 
|  47|0x0000000617400000, 0x0000000617400000, 0x0000000617800000|  0%| F|  |TAMS 0x0000000617400000, 0x0000000617400000| Untracked 
|  48|0x0000000617800000, 0x0000000617800000, 0x0000000617c00000|  0%| F|  |TAMS 0x0000000617800000, 0x0000000617800000| Untracked 
|  49|0x0000000617c00000, 0x0000000617c00000, 0x0000000618000000|  0%| F|  |TAMS 0x0000000617c00000, 0x0000000617c00000| Untracked 
|  50|0x0000000618000000, 0x0000000618000000, 0x0000000618400000|  0%| F|  |TAMS 0x0000000618000000, 0x0000000618000000| Untracked 
|  51|0x0000000618400000, 0x0000000618400000, 0x0000000618800000|  0%| F|  |TAMS 0x0000000618400000, 0x0000000618400000| Untracked 
|  52|0x0000000618800000, 0x0000000618800000, 0x0000000618c00000|  0%| F|  |TAMS 0x0000000618800000, 0x0000000618800000| Untracked 
|  53|0x0000000618c00000, 0x0000000618c00000, 0x0000000619000000|  0%| F|  |TAMS 0x0000000618c00000, 0x0000000618c00000| Untracked 
|  54|0x0000000619000000, 0x0000000619000000, 0x0000000619400000|  0%| F|  |TAMS 0x0000000619000000, 0x0000000619000000| Untracked 
|  55|0x0000000619400000, 0x0000000619400000, 0x0000000619800000|  0%| F|  |TAMS 0x0000000619400000, 0x0000000619400000| Untracked 
|  56|0x0000000619800000, 0x0000000619800000, 0x0000000619c00000|  0%| F|  |TAMS 0x0000000619800000, 0x0000000619800000| Untracked 
|  57|0x0000000619c00000, 0x0000000619c00000, 0x000000061a000000|  0%| F|  |TAMS 0x0000000619c00000, 0x0000000619c00000| Untracked 
|  58|0x000000061a000000, 0x000000061a000000, 0x000000061a400000|  0%| F|  |TAMS 0x000000061a000000, 0x000000061a000000| Untracked 
|  59|0x000000061a400000, 0x000000061a400000, 0x000000061a800000|  0%| F|  |TAMS 0x000000061a400000, 0x000000061a400000| Untracked 
|  60|0x000000061a800000, 0x000000061a800000, 0x000000061ac00000|  0%| F|  |TAMS 0x000000061a800000, 0x000000061a800000| Untracked 
|  61|0x000000061ac00000, 0x000000061ac00000, 0x000000061b000000|  0%| F|  |TAMS 0x000000061ac00000, 0x000000061ac00000| Untracked 
|  62|0x000000061b000000, 0x000000061b000000, 0x000000061b400000|  0%| F|  |TAMS 0x000000061b000000, 0x000000061b000000| Untracked 
|  63|0x000000061b400000, 0x000000061b400000, 0x000000061b800000|  0%| F|  |TAMS 0x000000061b400000, 0x000000061b400000| Untracked 
|  64|0x000000061b800000, 0x000000061b800000, 0x000000061bc00000|  0%| F|  |TAMS 0x000000061b800000, 0x000000061b800000| Untracked 
|  65|0x000000061bc00000, 0x000000061bc00000, 0x000000061c000000|  0%| F|  |TAMS 0x000000061bc00000, 0x000000061bc00000| Untracked 
|  66|0x000000061c000000, 0x000000061c000000, 0x000000061c400000|  0%| F|  |TAMS 0x000000061c000000, 0x000000061c000000| Untracked 
|  67|0x000000061c400000, 0x000000061c400000, 0x000000061c800000|  0%| F|  |TAMS 0x000000061c400000, 0x000000061c400000| Untracked 
|  68|0x000000061c800000, 0x000000061c800000, 0x000000061cc00000|  0%| F|  |TAMS 0x000000061c800000, 0x000000061c800000| Untracked 
|  69|0x000000061cc00000, 0x000000061cc00000, 0x000000061d000000|  0%| F|  |TAMS 0x000000061cc00000, 0x000000061cc00000| Untracked 
|  70|0x000000061d000000, 0x000000061d000000, 0x000000061d400000|  0%| F|  |TAMS 0x000000061d000000, 0x000000061d000000| Untracked 
|  71|0x000000061d400000, 0x000000061d400000, 0x000000061d800000|  0%| F|  |TAMS 0x000000061d400000, 0x000000061d400000| Untracked 
|  72|0x000000061d800000, 0x000000061d800000, 0x000000061dc00000|  0%| F|  |TAMS 0x000000061d800000, 0x000000061d800000| Untracked 
|  73|0x000000061dc00000, 0x000000061dc00000, 0x000000061e000000|  0%| F|  |TAMS 0x000000061dc00000, 0x000000061dc00000| Untracked 
|  74|0x000000061e000000, 0x000000061e000000, 0x000000061e400000|  0%| F|  |TAMS 0x000000061e000000, 0x000000061e000000| Untracked 
|  75|0x000000061e400000, 0x000000061e400000, 0x000000061e800000|  0%| F|  |TAMS 0x000000061e400000, 0x000000061e400000| Untracked 
|  76|0x000000061e800000, 0x000000061e800000, 0x000000061ec00000|  0%| F|  |TAMS 0x000000061e800000, 0x000000061e800000| Untracked 
|  77|0x000000061ec00000, 0x000000061ec00000, 0x000000061f000000|  0%| F|  |TAMS 0x000000061ec00000, 0x000000061ec00000| Untracked 
|  78|0x000000061f000000, 0x000000061f000000, 0x000000061f400000|  0%| F|  |TAMS 0x000000061f000000, 0x000000061f000000| Untracked 
|  79|0x000000061f400000, 0x000000061f400000, 0x000000061f800000|  0%| F|  |TAMS 0x000000061f400000, 0x000000061f400000| Untracked 
|  80|0x000000061f800000, 0x000000061f800000, 0x000000061fc00000|  0%| F|  |TAMS 0x000000061f800000, 0x000000061f800000| Untracked 
|  81|0x000000061fc00000, 0x000000061fc00000, 0x0000000620000000|  0%| F|  |TAMS 0x000000061fc00000, 0x000000061fc00000| Untracked 
|  82|0x0000000620000000, 0x0000000620000000, 0x0000000620400000|  0%| F|  |TAMS 0x0000000620000000, 0x0000000620000000| Untracked 
|  83|0x0000000620400000, 0x0000000620400000, 0x0000000620800000|  0%| F|  |TAMS 0x0000000620400000, 0x0000000620400000| Untracked 
|  84|0x0000000620800000, 0x0000000620800000, 0x0000000620c00000|  0%| F|  |TAMS 0x0000000620800000, 0x0000000620800000| Untracked 
|  85|0x0000000620c00000, 0x0000000620c00000, 0x0000000621000000|  0%| F|  |TAMS 0x0000000620c00000, 0x0000000620c00000| Untracked 
|  86|0x0000000621000000, 0x0000000621000000, 0x0000000621400000|  0%| F|  |TAMS 0x0000000621000000, 0x0000000621000000| Untracked 
|  87|0x0000000621400000, 0x0000000621400000, 0x0000000621800000|  0%| F|  |TAMS 0x0000000621400000, 0x0000000621400000| Untracked 
|  88|0x0000000621800000, 0x0000000621800000, 0x0000000621c00000|  0%| F|  |TAMS 0x0000000621800000, 0x0000000621800000| Untracked 
|  89|0x0000000621c00000, 0x0000000621c00000, 0x0000000622000000|  0%| F|  |TAMS 0x0000000621c00000, 0x0000000621c00000| Untracked 
|  90|0x0000000622000000, 0x0000000622000000, 0x0000000622400000|  0%| F|  |TAMS 0x0000000622000000, 0x0000000622000000| Untracked 
|  91|0x0000000622400000, 0x0000000622400000, 0x0000000622800000|  0%| F|  |TAMS 0x0000000622400000, 0x0000000622400000| Untracked 
|  92|0x0000000622800000, 0x0000000622800000, 0x0000000622c00000|  0%| F|  |TAMS 0x0000000622800000, 0x0000000622800000| Untracked 
|  93|0x0000000622c00000, 0x0000000622c00000, 0x0000000623000000|  0%| F|  |TAMS 0x0000000622c00000, 0x0000000622c00000| Untracked 
|  94|0x0000000623000000, 0x0000000623000000, 0x0000000623400000|  0%| F|  |TAMS 0x0000000623000000, 0x0000000623000000| Untracked 
|  95|0x0000000623400000, 0x0000000623400000, 0x0000000623800000|  0%| F|  |TAMS 0x0000000623400000, 0x0000000623400000| Untracked 
|  96|0x0000000623800000, 0x0000000623800000, 0x0000000623c00000|  0%| F|  |TAMS 0x0000000623800000, 0x0000000623800000| Untracked 
|  97|0x0000000623c00000, 0x0000000623c00000, 0x0000000624000000|  0%| F|  |TAMS 0x0000000623c00000, 0x0000000623c00000| Untracked 
|  98|0x0000000624000000, 0x0000000624000000, 0x0000000624400000|  0%| F|  |TAMS 0x0000000624000000, 0x0000000624000000| Untracked 
|  99|0x0000000624400000, 0x0000000624400000, 0x0000000624800000|  0%| F|  |TAMS 0x0000000624400000, 0x0000000624400000| Untracked 
| 100|0x0000000624800000, 0x0000000624800000, 0x0000000624c00000|  0%| F|  |TAMS 0x0000000624800000, 0x0000000624800000| Untracked 
| 101|0x0000000624c00000, 0x0000000624c00000, 0x0000000625000000|  0%| F|  |TAMS 0x0000000624c00000, 0x0000000624c00000| Untracked 
| 102|0x0000000625000000, 0x0000000625000000, 0x0000000625400000|  0%| F|  |TAMS 0x0000000625000000, 0x0000000625000000| Untracked 
| 103|0x0000000625400000, 0x0000000625400000, 0x0000000625800000|  0%| F|  |TAMS 0x0000000625400000, 0x0000000625400000| Untracked 
| 104|0x0000000625800000, 0x0000000625800000, 0x0000000625c00000|  0%| F|  |TAMS 0x0000000625800000, 0x0000000625800000| Untracked 
| 105|0x0000000625c00000, 0x0000000625c00000, 0x0000000626000000|  0%| F|  |TAMS 0x0000000625c00000, 0x0000000625c00000| Untracked 
| 106|0x0000000626000000, 0x0000000626000000, 0x0000000626400000|  0%| F|  |TAMS 0x0000000626000000, 0x0000000626000000| Untracked 
| 107|0x0000000626400000, 0x0000000626400000, 0x0000000626800000|  0%| F|  |TAMS 0x0000000626400000, 0x0000000626400000| Untracked 
| 108|0x0000000626800000, 0x0000000626800000, 0x0000000626c00000|  0%| F|  |TAMS 0x0000000626800000, 0x0000000626800000| Untracked 
| 109|0x0000000626c00000, 0x0000000626c00000, 0x0000000627000000|  0%| F|  |TAMS 0x0000000626c00000, 0x0000000626c00000| Untracked 
| 110|0x0000000627000000, 0x0000000627000000, 0x0000000627400000|  0%| F|  |TAMS 0x0000000627000000, 0x0000000627000000| Untracked 
| 111|0x0000000627400000, 0x0000000627400000, 0x0000000627800000|  0%| F|  |TAMS 0x0000000627400000, 0x0000000627400000| Untracked 
| 112|0x0000000627800000, 0x0000000627800000, 0x0000000627c00000|  0%| F|  |TAMS 0x0000000627800000, 0x0000000627800000| Untracked 
| 113|0x0000000627c00000, 0x0000000627c00000, 0x0000000628000000|  0%| F|  |TAMS 0x0000000627c00000, 0x0000000627c00000| Untracked 
| 114|0x0000000628000000, 0x0000000628000000, 0x0000000628400000|  0%| F|  |TAMS 0x0000000628000000, 0x0000000628000000| Untracked 
| 115|0x0000000628400000, 0x0000000628400000, 0x0000000628800000|  0%| F|  |TAMS 0x0000000628400000, 0x0000000628400000| Untracked 
| 116|0x0000000628800000, 0x0000000628800000, 0x0000000628c00000|  0%| F|  |TAMS 0x0000000628800000, 0x0000000628800000| Untracked 
| 117|0x0000000628c00000, 0x0000000628c00000, 0x0000000629000000|  0%| F|  |TAMS 0x0000000628c00000, 0x0000000628c00000| Untracked 
| 118|0x0000000629000000, 0x0000000629000000, 0x0000000629400000|  0%| F|  |TAMS 0x0000000629000000, 0x0000000629000000| Untracked 
| 119|0x0000000629400000, 0x0000000629400000, 0x0000000629800000|  0%| F|  |TAMS 0x0000000629400000, 0x0000000629400000| Untracked 
| 120|0x0000000629800000, 0x0000000629800000, 0x0000000629c00000|  0%| F|  |TAMS 0x0000000629800000, 0x0000000629800000| Untracked 
| 121|0x0000000629c00000, 0x0000000629c00000, 0x000000062a000000|  0%| F|  |TAMS 0x0000000629c00000, 0x0000000629c00000| Untracked 
| 122|0x000000062a000000, 0x000000062a000000, 0x000000062a400000|  0%| F|  |TAMS 0x000000062a000000, 0x000000062a000000| Untracked 
| 123|0x000000062a400000, 0x000000062a400000, 0x000000062a800000|  0%| F|  |TAMS 0x000000062a400000, 0x000000062a400000| Untracked 
| 124|0x000000062a800000, 0x000000062aa707b0, 0x000000062ac00000| 60%| E|  |TAMS 0x000000062a800000, 0x000000062a800000| Complete 
| 125|0x000000062ac00000, 0x000000062b000000, 0x000000062b000000|100%| E|CS|TAMS 0x000000062ac00000, 0x000000062ac00000| Complete 
|2000|0x00000007ff800000, 0x00000007ffb75000, 0x00000007ffc00000| 86%|OA|  |TAMS 0x00000007ff800000, 0x00000007ff800000| Untracked 
|2001|0x00000007ffc00000, 0x00000007ffc78000, 0x0000000800000000| 11%|CA|  |TAMS 0x00000007ffc00000, 0x00000007ffc00000| Untracked 

Card table byte_map: [0x00007f7f974b8000,0x00007f7f9845c000] _byte_map_base: 0x00007f7f9445c000

Marking Bits (Prev, Next): (CMBitMap*) 0x00007f7fb0047400, (CMBitMap*) 0x00007f7fb0047440
 Prev Bits: [0x00007f7f8e7f4000, 0x00007f7f96514000)
 Next Bits: [0x00007f7f86ad4000, 0x00007f7f8e7f4000)

Polling page: 0x00007f7fb6a53000

Metaspace:

Usage:
  Non-class:      2.79 MB used.
      Class:    257.23 KB used.
       Both:      3.04 MB used.

Virtual space:
  Non-class space:       64.00 MB reserved,       2.81 MB (  4%) committed,  1 nodes.
      Class space:        1.00 GB reserved,     320.00 KB ( <1%) committed,  1 nodes.
             Both:        1.06 GB reserved,       3.12 MB ( <1%) committed. 

Chunk freelists:
   Non-Class:  10.50 MB
       Class:  15.61 MB
        Both:  26.11 MB

MaxMetaspaceSize: unlimited
CompressedClassSpaceSize: 1.00 GB
Initial GC threshold: 21.00 MB
Current GC threshold: 21.00 MB
CDS: on
MetaspaceReclaimPolicy: balanced
 - commit_granule_bytes: 65536.
 - commit_granule_words: 8192.
 - virtual_space_node_default_size: 8388608.
 - enlarge_chunks_in_place: 1.
 - new_chunks_are_fully_committed: 0.
 - uncommit_free_chunks: 1.
 - use_allocation_guard: 0.
 - handle_deallocations: 1.


Internal statistics:

num_allocs_failed_limit: 0.
num_arena_births: 30.
num_arena_deaths: 0.
num_vsnodes_births: 2.
num_vsnodes_deaths: 0.
num_space_committed: 50.
num_space_uncommitted: 0.
num_chunks_returned_to_freelist: 0.
num_chunks_taken_from_freelist: 97.
num_chunk_merges: 0.
num_chunk_splits: 75.
num_chunks_enlarged: 64.
num_inconsistent_stats: 0.

CodeHeap 'non-profiled nmethods': size=120028Kb used=119Kb max_used=119Kb free=119909Kb
 bounds [0x00007f7fa0ec9000, 0x00007f7fa1139000, 0x00007f7fa8400000]
CodeHeap 'profiled nmethods': size=120028Kb used=466Kb max_used=466Kb free=119562Kb
 bounds [0x00007f7f99400000, 0x00007f7f99670000, 0x00007f7fa0937000]
CodeHeap 'non-nmethods': size=5704Kb used=1167Kb max_used=1167Kb free=4536Kb
 bounds [0x00007f7fa0937000, 0x00007f7fa0ba7000, 0x00007f7fa0ec9000]
 total_blobs=816 nmethods=351 adapters=379
 compilation: enabled
              stopped_count=0, restarted_count=0
 full_count=0

Compilation events (20 events):
Event: 663.372 Thread 0x00007f7fb0157ba0  334       1       java.util.jar.Manifest::getMainAttributes (5 bytes)
Event: 663.372 Thread 0x00007f7fb0157ba0 nmethod 334 0x00007f7fa0ee5010 code [0x00007f7fa0ee51a0, 0x00007f7fa0ee5270]
Event: 663.372 Thread 0x00007f7fb0157ba0  336       1       java.util.jar.Manifest::getEntries (5 bytes)
Event: 663.372 Thread 0x00007f7fb0157ba0 nmethod 336 0x00007f7fa0ee5310 code [0x00007f7fa0ee54a0, 0x00007f7fa0ee5570]
Event: 663.372 Thread 0x00007f7fb0157ba0  337       1       java.util.zip.ZipEntry::getCrc (5 bytes)
Event: 663.372 Thread 0x00007f7fb0157ba0 nmethod 337 0x00007f7fa0ee5610 code [0x00007f7fa0ee57a0, 0x00007f7fa0ee5870]
Event: 663.740 Thread 0x00007f7fb0157ba0  339       3       java.util.zip.ZipFile$ZipFileInflaterInputStream::fill (80 bytes)
Event: 663.740 Thread 0x00007f7fb0157ba0 nmethod 339 0x00007f7f99471710 code [0x00007f7f99471900, 0x00007f7f99471c80]
Event: 663.740 Thread 0x00007f7fb0157ba0  340   !   3       java.util.zip.ZipFile$ZipFileInputStream::read (135 bytes)
Event: 663.741 Thread 0x00007f7fb0157ba0 nmethod 340 0x00007f7f99471e10 code [0x00007f7f99472020, 0x00007f7f99472690]
Event: 663.741 Thread 0x00007f7fb0157ba0  341   !   3       java.util.zip.Inflater::setInput (69 bytes)
Event: 663.741 Thread 0x00007f7fb0157ba0 nmethod 341 0x00007f7f99472a10 code [0x00007f7f99472be0, 0x00007f7f99472fa0]
Event: 663.742 Thread 0x00007f7fb0157ba0  342       3       jdk.internal.loader.BuiltinClassLoader::findLoadedModule (33 bytes)
Event: 663.742 Thread 0x00007f7fb0157ba0 nmethod 342 0x00007f7f99473110 code [0x00007f7f99473340, 0x00007f7f99473950]
Event: 664.036 Thread 0x00007f7fb0157ba0  343       3       java.util.regex.Pattern::has (15 bytes)
Event: 664.036 Thread 0x00007f7fb0157ba0 nmethod 343 0x00007f7f99473b90 code [0x00007f7f99473d20, 0x00007f7f99473e90]
Event: 664.037 Thread 0x00007f7fb0157ba0  348       3       java.lang.invoke.MemberName::isConstructor (8 bytes)
Event: 664.037 Thread 0x00007f7fb0157ba0 nmethod 348 0x00007f7f99473f10 code [0x00007f7f994740c0, 0x00007f7f994742f0]
Event: 664.037 Thread 0x00007f7fb0157ba0  351       3       java.util.ArrayList$Itr::hasNext (20 bytes)
Event: 664.037 Thread 0x00007f7fb0157ba0 nmethod 351 0x00007f7f99474410 code [0x00007f7f994745a0, 0x00007f7f99474710]

GC Heap History (0 events):
No events

Dll operation events (8 events):
Event: 21.274 Loaded shared library /nix/store/3xf2cjni3xqn10xnsa0cyvjmnd8sqg7b-openjdk-17.0.18+8/lib/openjdk/lib/libjava.so
Event: 21.515 Loaded shared library /nix/store/3xf2cjni3xqn10xnsa0cyvjmnd8sqg7b-openjdk-17.0.18+8/lib/openjdk/lib/libjsvml.so
Event: 23.512 Loaded shared library /nix/store/3xf2cjni3xqn10xnsa0cyvjmnd8sqg7b-openjdk-17.0.18+8/lib/openjdk/lib/libnio.so
Event: 23.644 Loaded shared library /nix/store/3xf2cjni3xqn10xnsa0cyvjmnd8sqg7b-openjdk-17.0.18+8/lib/openjdk/lib/libzip.so
Event: 26.449 Loaded shared library /nix/store/3xf2cjni3xqn10xnsa0cyvjmnd8sqg7b-openjdk-17.0.18+8/lib/openjdk/lib/libjimage.so
Event: 39.436 Loaded shared library /nix/store/3xf2cjni3xqn10xnsa0cyvjmnd8sqg7b-openjdk-17.0.18+8/lib/openjdk/lib/libnet.so
Event: 289.185 Loaded shared library /tmp/arc/b5d7d527/libarc64.so
Event: 307.173 Loaded shared library /tmp/arc/b331ee58/libsdl-arc64.so

Deoptimization events (4 events):
Event: 23.645 Thread 0x00007f7fb0018710 Uncommon trap: trap_request=0xffffff45 fr.pc=0x00007f7fa0ec9e78 relative=0x0000000000000258
Event: 23.645 Thread 0x00007f7fb0018710 Uncommon trap: reason=unstable_if action=reinterpret pc=0x00007f7fa0ec9e78 method=java.util.zip.ZipCoder$UTF8ZipCoder.checkedHash([BII)I @ 75 c2
Event: 23.645 Thread 0x00007f7fb0018710 DEOPT PACKING pc=0x00007f7fa0ec9e78 sp=0x00007f7fb6b5bbd0
Event: 23.645 Thread 0x00007f7fb0018710 DEOPT UNPACKING pc=0x00007f7fa098d699 sp=0x00007f7fb6b5bb60 mode 2

Classes loaded (20 events):
Event: 662.411 Loading class java/util/NoSuchElementException
Event: 662.601 Loading class java/util/NoSuchElementException done
Event: 662.601 Loading class java/util/MissingResourceException
Event: 662.601 Loading class java/util/MissingResourceException done
Event: 662.603 Loading class java/nio/ShortBuffer
Event: 662.792 Loading class java/nio/ShortBuffer done
Event: 662.792 Loading class java/nio/FloatBuffer
Event: 662.982 Loading class java/nio/FloatBuffer done
Event: 662.983 Loading class java/nio/DoubleBuffer
Event: 663.181 Loading class java/nio/DoubleBuffer done
Event: 663.181 Loading class java/lang/UnsupportedOperationException
Event: 663.367 Loading class java/lang/UnsupportedOperationException done
Event: 663.373 Loading class java/nio/DirectByteBuffer$Deallocator
Event: 663.551 Loading class java/nio/DirectByteBuffer$Deallocator done
Event: 663.551 Loading class java/nio/DirectFloatBufferU
Event: 663.736 Loading class java/nio/DirectFloatBufferU done
Event: 663.743 Loading class java/lang/SecurityException
Event: 663.922 Loading class java/lang/SecurityException done
Event: 663.922 Loading class java/lang/IllegalAccessException
Event: 664.035 Loading class java/lang/IllegalAccessException done

Classes unloaded (0 events):
No events

Classes redefined (0 events):
No events

Internal exceptions (12 events):
Event: 26.419 Thread 0x00007f7fb0018710 Exception <a 'java/lang/NoSuchMethodError'{0x000000062afb8ed8}: 'void java.lang.invoke.DirectMethodHandle$Holder.invokeStatic(java.lang.Object, java.lang.Object, java.lang.Object)'> (0x000000062afb8ed8) 
thrown [src/hotspot/share/interpreter/linkResolver.cpp, line 758]
Event: 26.552 Thread 0x00007f7fb0018710 Exception <a 'java/lang/NoSuchMethodError'{0x000000062a85a4e0}: 'void java.lang.invoke.DirectMethodHandle$Holder.invokeStatic(java.lang.Object, java.lang.Object)'> (0x000000062a85a4e0) 
thrown [src/hotspot/share/interpreter/linkResolver.cpp, line 758]
Event: 26.552 Thread 0x00007f7fb0018710 Exception <a 'java/lang/NoSuchMethodError'{0x000000062a85dbe0}: 'void java.lang.invoke.DirectMethodHandle$Holder.invokeStaticInit(java.lang.Object, java.lang.Object)'> (0x000000062a85dbe0) 
thrown [src/hotspot/share/interpreter/linkResolver.cpp, line 758]
Event: 26.553 Thread 0x00007f7fb0018710 Exception <a 'java/lang/NoSuchMethodError'{0x000000062a867158}: 'void java.lang.invoke.DirectMethodHandle$Holder.invokeStaticInit(java.lang.Object, java.lang.Object, java.lang.Object)'> (0x000000062a867158) 
thrown [src/hotspot/share/interpreter/linkResolver.cpp, line 758]
Event: 26.554 Thread 0x00007f7fb0018710 Exception <a 'java/lang/NoSuchMethodError'{0x000000062a86d320}: 'void java.lang.invoke.DirectMethodHandle$Holder.invokeStaticInit(java.lang.Object)'> (0x000000062a86d320) 
thrown [src/hotspot/share/interpreter/linkResolver.cpp, line 758]
Event: 26.578 Thread 0x00007f7fb0018710 Exception <a 'java/lang/NoSuchMethodError'{0x000000062a881c20}: 'java.lang.Object java.lang.invoke.DirectMethodHandle$Holder.invokeStaticInit(java.lang.Object)'> (0x000000062a881c20) 
thrown [src/hotspot/share/interpreter/linkResolver.cpp, line 758]
Event: 26.579 Thread 0x00007f7fb0018710 Exception <a 'java/lang/NoSuchMethodError'{0x000000062a88b2b0}: 'java.lang.Object java.lang.invoke.DirectMethodHandle$Holder.invokeStaticInit(java.lang.Object, java.lang.Object, long, java.lang.Object)'> (0x000000062a88b2b0) 
thrown [src/hotspot/share/interpreter/linkResolver.cpp, line 758]
Event: 26.579 Thread 0x00007f7fb0018710 Exception <a 'java/lang/NoSuchMethodError'{0x000000062a8915b8}: 'java.lang.Object java.lang.invoke.DirectMethodHandle$Holder.newInvokeSpecial(java.lang.Object, java.lang.Object, long)'> (0x000000062a8915b8) 
thrown [src/hotspot/share/interpreter/linkResolver.cpp, line 758]
Event: 26.580 Thread 0x00007f7fb0018710 Exception <a 'java/lang/NoSuchMethodError'{0x000000062a8958a8}: 'java.lang.Object java.lang.invoke.Invokers$Holder.linkToTargetMethod(java.lang.Object, long, java.lang.Object)'> (0x000000062a8958a8) 
thrown [src/hotspot/share/interpreter/linkResolver.cpp, line 758]
Event: 26.597 Thread 0x00007f7fb0018710 Exception <a 'java/lang/NoSuchMethodError'{0x000000062a8a3760}: 'java.lang.Object java.lang.invoke.DirectMethodHandle$Holder.newInvokeSpecial(java.lang.Object, long)'> (0x000000062a8a3760) 
thrown [src/hotspot/share/interpreter/linkResolver.cpp, line 758]
Event: 41.551 Thread 0x00007f7fb0018710 Exception <a 'java/net/SocketException'{0x000000062a918560}> (0x000000062a918560) 
thrown [src/hotspot/share/prims/jni.cpp, line 516]
Event: 44.170 Thread 0x00007f7fb0018710 Exception <a 'java/lang/reflect/InvocationTargetException'{0x000000062a918be0}> (0x000000062a918be0) 
thrown [src/hotspot/share/runtime/reflection.cpp, line 1126]

VM Operations (20 events):
Event: 24.515 Executing VM operation: Cleanup
Event: 25.594 Executing VM operation: Cleanup done
Event: 26.531 Executing VM operation: HandshakeAllThreads
Event: 26.531 Executing VM operation: HandshakeAllThreads done
Event: 27.531 Executing VM operation: Cleanup
Event: 27.816 Executing VM operation: Cleanup done
Event: 34.816 Executing VM operation: Cleanup
Event: 34.944 Executing VM operation: Cleanup done
Event: 35.944 Executing VM operation: Cleanup
Event: 36.555 Executing VM operation: Cleanup done
Event: 37.555 Executing VM operation: Cleanup
Event: 38.589 Executing VM operation: Cleanup done
Event: 45.590 Executing VM operation: Cleanup
Event: 45.590 Executing VM operation: Cleanup done
Event: 80.119 Executing VM operation: HandshakeAllThreads
Event: 80.119 Executing VM operation: HandshakeAllThreads done
Event: 663.303 Executing VM operation: Cleanup
Event: 663.368 Executing VM operation: Cleanup done
Event: 664.368 Executing VM operation: Cleanup
Event: 664.368 Executing VM operation: Cleanup done

Memory protections (12 events):
Event: 20.094 Protecting memory [0x00007f7fb6a5f000,0x00007f7fb6a63000] with protection modes 0
Event: 21.516 Protecting memory [0x00007f7f2ad2d000,0x00007f7f2ad31000] with protection modes 0
Event: 21.516 Protecting memory [0x00007f7f2ac2d000,0x00007f7f2ac31000] with protection modes 0
Event: 21.545 Protecting memory [0x00007f7f2ab2d000,0x00007f7f2ab31000] with protection modes 0
Event: 21.545 Protecting memory [0x00007f7f2aa2d000,0x00007f7f2aa31000] with protection modes 0
Event: 21.545 Protecting memory [0x00007f7f2a92d000,0x00007f7f2a931000] with protection modes 0
Event: 21.545 Protecting memory [0x00007f7f2a82d000,0x00007f7f2a831000] with protection modes 0
Event: 21.545 Protecting memory [0x00007f7f2a72d000,0x00007f7f2a731000] with protection modes 0
Event: 21.546 Protecting memory [0x00007f7f2a62d000,0x00007f7f2a631000] with protection modes 0
Event: 21.547 Protecting memory [0x00007f7f2a52d000,0x00007f7f2a531000] with protection modes 0
Event: 21.548 Protecting memory [0x00007f7f2a32c000,0x00007f7f2a330000] with protection modes 0
Event: 23.647 Protecting memory [0x00007f7f2a22c000,0x00007f7f2a230000] with protection modes 0

Nmethod flushes (0 events):
No events

Events (13 events):
Event: 21.515 Thread 0x00007f7fb0018710 Thread added: 0x00007f7fb0018710
Event: 21.516 Thread 0x00007f7fb0018710 Thread added: 0x00007f7fb014b870
Event: 21.516 Thread 0x00007f7fb0018710 Thread added: 0x00007f7fb014cce0
Event: 21.545 Thread 0x00007f7fb0018710 Thread added: 0x00007f7fb01522c0
Event: 21.545 Thread 0x00007f7fb0018710 Thread added: 0x00007f7fb0153700
Event: 21.545 Thread 0x00007f7fb0018710 Thread added: 0x00007f7fb0154ba0
Event: 21.545 Thread 0x00007f7fb0018710 Thread added: 0x00007f7fb01565e0
Event: 21.545 Thread 0x00007f7fb0018710 Thread added: 0x00007f7fb0157ba0
Event: 21.546 Thread 0x00007f7fb0018710 Thread added: 0x00007f7fb0161090
Event: 21.547 Thread 0x00007f7fb0018710 Thread added: 0x00007f7fb0168880
Event: 21.548 Thread 0x00007f7fb0018710 Thread added: 0x00007f7fb016c260
Event: 23.647 Thread 0x00007f7fb0157ba0 Thread added: 0x00007f7efc064670
Event: 24.178 Thread 0x00007f7efc064670 Thread exited: 0x00007f7efc064670


Dynamic libraries:
60b800000-62b000000 rw-p 00000000 00:00 0 
62b000000-7ff800000 ---p 00000000 00:00 0 
7ff800000-7ffb00000 rw-p 00000000 00:00 0 
7ffb00000-7ffb75000 rw-p 00c77000 00:1c 4840290                          /nix/store/3xf2cjni3xqn10xnsa0cyvjmnd8sqg7b-openjdk-17.0.18+8/lib/openjdk/lib/server/classes.jsa
7ffb75000-7ffc00000 rw-p 00000000 00:00 0 
7ffc00000-7ffc78000 rw-p 00bff000 00:1c 4840290                          /nix/store/3xf2cjni3xqn10xnsa0cyvjmnd8sqg7b-openjdk-17.0.18+8/lib/openjdk/lib/server/classes.jsa
7ffc78000-800000000 rw-p 00000000 00:00 0 
55d2f6fbd000-55d2f6fbe000 r--p 00000000 00:1c 4839701                    /nix/store/3xf2cjni3xqn10xnsa0cyvjmnd8sqg7b-openjdk-17.0.18+8/lib/openjdk/bin/java
55d2f6fbe000-55d2f6fbf000 r-xp 00001000 00:1c 4839701                    /nix/store/3xf2cjni3xqn10xnsa0cyvjmnd8sqg7b-openjdk-17.0.18+8/lib/openjdk/bin/java
55d2f6fbf000-55d2f6fc0000 r--p 00002000 00:1c 4839701                    /nix/store/3xf2cjni3xqn10xnsa0cyvjmnd8sqg7b-openjdk-17.0.18+8/lib/openjdk/bin/java
55d2f6fc0000-55d2f6fc1000 r--p 00002000 00:1c 4839701                    /nix/store/3xf2cjni3xqn10xnsa0cyvjmnd8sqg7b-openjdk-17.0.18+8/lib/openjdk/bin/java
55d2f6fc1000-55d2f6fc3000 rw-p 00003000 00:1c 4839701                    /nix/store/3xf2cjni3xqn10xnsa0cyvjmnd8sqg7b-openjdk-17.0.18+8/lib/openjdk/bin/java
55d2fabdc000-55d2fac43000 rw-p 00000000 00:00 0                          [heap]
7f7ebc000000-7f7ec0000000 rw-s 00000000 00:01 4836                       /memfd:pulseaudio (deleted)
7f7ec0000000-7f7ec0021000 rw-p 00000000 00:00 0 
7f7ec0021000-7f7ec4000000 ---p 00000000 00:00 0 
7f7ec4000000-7f7ec8000000 rw-s 00000000 00:01 4835                       /memfd:pulseaudio (deleted)
7f7ec8000000-7f7ec8021000 rw-p 00000000 00:00 0 
7f7ec8021000-7f7ecc000000 ---p 00000000 00:00 0 
7f7eccdff000-7f7ecd600000 rw-p 00000000 00:00 0 
7f7ed0400000-7f7ed04b5000 r--p 00000000 00:1c 5356471                    /nix/store/ikgcxdw09g63rxb40w73m36474rds29c-mesa-26.0.0/lib/libvulkan_nouveau.so
7f7ed04b5000-7f7ed0bcc000 r-xp 000b5000 00:1c 5356471                    /nix/store/ikgcxdw09g63rxb40w73m36474rds29c-mesa-26.0.0/lib/libvulkan_nouveau.so
7f7ed0bcc000-7f7ed1462000 r--p 007cc000 00:1c 5356471                    /nix/store/ikgcxdw09g63rxb40w73m36474rds29c-mesa-26.0.0/lib/libvulkan_nouveau.so
7f7ed1462000-7f7ed14d8000 r--p 01062000 00:1c 5356471                    /nix/store/ikgcxdw09g63rxb40w73m36474rds29c-mesa-26.0.0/lib/libvulkan_nouveau.so
7f7ed14d8000-7f7ed14db000 rw-p 010d8000 00:1c 5356471                    /nix/store/ikgcxdw09g63rxb40w73m36474rds29c-mesa-26.0.0/lib/libvulkan_nouveau.so
7f7ed14db000-7f7ed14de000 rw-p 00000000 00:00 0 
7f7ed1600000-7f7ed164b000 r--p 00000000 00:1c 5356469                    /nix/store/ikgcxdw09g63rxb40w73m36474rds29c-mesa-26.0.0/lib/libvulkan_lvp.so
7f7ed164b000-7f7ed1b4b000 r-xp 0004b000 00:1c 5356469                    /nix/store/ikgcxdw09g63rxb40w73m36474rds29c-mesa-26.0.0/lib/libvulkan_lvp.so
7f7ed1b4b000-7f7ed2381000 r--p 0054b000 00:1c 5356469                    /nix/store/ikgcxdw09g63rxb40w73m36474rds29c-mesa-26.0.0/lib/libvulkan_lvp.so
7f7ed2381000-7f7ed23d1000 r--p 00d80000 00:1c 5356469                    /nix/store/ikgcxdw09g63rxb40w73m36474rds29c-mesa-26.0.0/lib/libvulkan_lvp.so
7f7ed23d1000-7f7ed23d5000 rw-p 00dd0000 00:1c 5356469                    /nix/store/ikgcxdw09g63rxb40w73m36474rds29c-mesa-26.0.0/lib/libvulkan_lvp.so
7f7ed23d5000-7f7ed2400000 rw-p 00000000 00:00 0 
7f7ed25f9000-7f7ed5e00000 rw-p 00000000 00:00 0 
7f7ed5e00000-7f7ed67b0000 r--p 00000000 00:1c 3836662                    /nix/store/apf2d7f948m7qch6vnk6i3rhrky0pd9v-llvm-21.1.8-lib/lib/libLLVM.so.21.1
7f7ed67b0000-7f7edc380000 r-xp 009b0000 00:1c 3836662                    /nix/store/apf2d7f948m7qch6vnk6i3rhrky0pd9v-llvm-21.1.8-lib/lib/libLLVM.so.21.1
7f7edc380000-7f7edfbb2000 r--p 06580000 00:1c 3836662                    /nix/store/apf2d7f948m7qch6vnk6i3rhrky0pd9v-llvm-21.1.8-lib/lib/libLLVM.so.21.1
7f7edfbb2000-7f7edfdbf000 r--p 09db1000 00:1c 3836662                    /nix/store/apf2d7f948m7qch6vnk6i3rhrky0pd9v-llvm-21.1.8-lib/lib/libLLVM.so.21.1
7f7edfdbf000-7f7edfe06000 rw-p 09fbe000 00:1c 3836662                    /nix/store/apf2d7f948m7qch6vnk6i3rhrky0pd9v-llvm-21.1.8-lib/lib/libLLVM.so.21.1
7f7edfe06000-7f7edfed8000 rw-p 00000000 00:00 0 
7f7ee0000000-7f7ee0049000 rw-p 00000000 00:00 0 
7f7ee0049000-7f7ee4000000 ---p 00000000 00:00 0 
7f7ee4600000-7f7ee4801000 rw-s 00000000 00:1c 845320                     /home/inf/.cache/mesa_shader_cache/index
7f7ee4a00000-7f7ee4b49000 r--p 00000000 00:1c 5352436                    /nix/store/ikgcxdw09g63rxb40w73m36474rds29c-mesa-26.0.0/lib/libgallium-26.0.0.so
7f7ee4b49000-7f7ee6a76000 r-xp 00149000 00:1c 5352436                    /nix/store/ikgcxdw09g63rxb40w73m36474rds29c-mesa-26.0.0/lib/libgallium-26.0.0.so
7f7ee6a76000-7f7ee7c38000 r--p 02076000 00:1c 5352436                    /nix/store/ikgcxdw09g63rxb40w73m36474rds29c-mesa-26.0.0/lib/libgallium-26.0.0.so
7f7ee7c38000-7f7ee7d97000 r--p 03237000 00:1c 5352436                    /nix/store/ikgcxdw09g63rxb40w73m36474rds29c-mesa-26.0.0/lib/libgallium-26.0.0.so
7f7ee7d97000-7f7ee7dcb000 rw-p 03396000 00:1c 5352436                    /nix/store/ikgcxdw09g63rxb40w73m36474rds29c-mesa-26.0.0/lib/libgallium-26.0.0.so
7f7ee7dcb000-7f7ee7f98000 rw-p 00000000 00:00 0 
7f7ee7f98000-7f7ee7fa1000 rw-p 037b3000 00:1c 5352436                    /nix/store/ikgcxdw09g63rxb40w73m36474rds29c-mesa-26.0.0/lib/libgallium-26.0.0.so
7f7ee8000000-7f7ee8021000 rw-p 00000000 00:00 0 
7f7ee8021000-7f7eec000000 ---p 00000000 00:00 0 
7f7eec000000-7f7eec021000 rw-p 00000000 00:00 0 
7f7eec021000-7f7ef0000000 ---p 00000000 00:00 0 
7f7ef0000000-7f7ef0021000 rw-p 00000000 00:00 0 
7f7ef0021000-7f7ef4000000 ---p 00000000 00:00 0 
7f7ef4000000-7f7ef4021000 rw-p 00000000 00:00 0 
7f7ef4021000-7f7ef8000000 ---p 00000000 00:00 0 
7f7ef8000000-7f7ef8117000 rw-p 00000000 00:00 0 
7f7ef8117000-7f7efc000000 ---p 00000000 00:00 0 
7f7efc000000-7f7efc0f3000 rw-p 00000000 00:00 0 
7f7efc0f3000-7f7f00000000 ---p 00000000 00:00 0 
7f7f00000000-7f7f00021000 rw-p 00000000 00:00 0 
7f7f00021000-7f7f04000000 ---p 00000000 00:00 0 
7f7f04000000-7f7f04021000 rw-p 00000000 00:00 0 
7f7f04021000-7f7f08000000 ---p 00000000 00:00 0 
7f7f08000000-7f7f08021000 rw-p 00000000 00:00 0 
7f7f08021000-7f7f0c000000 ---p 00000000 00:00 0 
7f7f0c172000-7f7f0c400000 rw-p 00000000 00:00 0 
7f7f0c400000-7f7f0c600000 rw-s 11123d000 00:06 912                       /dev/dri/renderD128
7f7f0c600000-7f7f0c63b000 r--p 00000000 00:1c 5356462                    /nix/store/ikgcxdw09g63rxb40w73m36474rds29c-mesa-26.0.0/lib/libvulkan_dzn.so
7f7f0c63b000-7f7f0c96f000 r-xp 0003b000 00:1c 5356462                    /nix/store/ikgcxdw09g63rxb40w73m36474rds29c-mesa-26.0.0/lib/libvulkan_dzn.so
7f7f0c96f000-7f7f0d0f3000 r--p 0036f000 00:1c 5356462                    /nix/store/ikgcxdw09g63rxb40w73m36474rds29c-mesa-26.0.0/lib/libvulkan_dzn.so
7f7f0d0f3000-7f7f0d140000 r--p 00af3000 00:1c 5356462                    /nix/store/ikgcxdw09g63rxb40w73m36474rds29c-mesa-26.0.0/lib/libvulkan_dzn.so
7f7f0d140000-7f7f0d143000 rw-p 00b40000 00:1c 5356462                    /nix/store/ikgcxdw09g63rxb40w73m36474rds29c-mesa-26.0.0/lib/libvulkan_dzn.so
7f7f0d143000-7f7f0d145000 rw-p 00000000 00:00 0 
7f7f0d200000-7f7f0d246000 r--p 00000000 00:1c 5356460                    /nix/store/ikgcxdw09g63rxb40w73m36474rds29c-mesa-26.0.0/lib/libvulkan_asahi.so
7f7f0d246000-7f7f0d6b0000 r-xp 00046000 00:1c 5356460                    /nix/store/ikgcxdw09g63rxb40w73m36474rds29c-mesa-26.0.0/lib/libvulkan_asahi.so
7f7f0d6b0000-7f7f0df51000 r--p 004b0000 00:1c 5356460                    /nix/store/ikgcxdw09g63rxb40w73m36474rds29c-mesa-26.0.0/lib/libvulkan_asahi.so
7f7f0df51000-7f7f0dfc2000 r--p 00d50000 00:1c 5356460                    /nix/store/ikgcxdw09g63rxb40w73m36474rds29c-mesa-26.0.0/lib/libvulkan_asahi.so
7f7f0dfc2000-7f7f0dfc9000 rw-p 00dc1000 00:1c 5356460                    /nix/store/ikgcxdw09g63rxb40w73m36474rds29c-mesa-26.0.0/lib/libvulkan_asahi.so
7f7f0dfc9000-7f7f0dfd0000 rw-p 00000000 00:00 0 
7f7f0e000000-7f7f1be69000 r--p 00000000 00:1c 4159388                    /nix/store/9whrn8kh4r39pf52zlbn7vim0s74qi19-glibc-locales-2.42-47/lib/locale/locale-archive
7f7f1be7c000-7f7f1bfd0000 rw-p 00000000 00:00 0 
7f7f1bfd0000-7f7f1bfe0000 rw-s 1121e7000 00:06 912                       /dev/dri/renderD128
7f7f1bfe0000-7f7f1bff0000 rw-s 1121d7000 00:06 912                       /dev/dri/renderD128
7f7f1bff0000-7f7f1c000000 rw-s 1121c7000 00:06 912                       /dev/dri/renderD128
7f7f1c000000-7f7f1c021000 rw-p 00000000 00:00 0 
7f7f1c021000-7f7f20000000 ---p 00000000 00:00 0 
7f7f20000000-7f7f20021000 rw-p 00000000 00:00 0 
7f7f20021000-7f7f24000000 ---p 00000000 00:00 0 
7f7f24000000-7f7f24021000 rw-p 00000000 00:00 0 
7f7f24021000-7f7f28000000 ---p 00000000 00:00 0 
7f7f28000000-7f7f28200000 rw-s 111f87000 00:06 912                       /dev/dri/renderD128
7f7f28200000-7f7f28401000 rw-s 00000000 00:1c 845320                     /home/inf/.cache/mesa_shader_cache/index
7f7f2840b000-7f7f2841b000 rw-s 1121b7000 00:06 912                       /dev/dri/renderD128
7f7f2844e000-7f7f2845e000 rw-s 112217000 00:06 912                       /dev/dri/renderD128
7f7f2845e000-7f7f2846e000 rw-s 112207000 00:06 912                       /dev/dri/renderD128
7f7f2846e000-7f7f2847e000 rw-s 1121f7000 00:06 912                       /dev/dri/renderD128
7f7f2847e000-7f7f2848e000 r--p 00000000 00:1c 5349274                    /nix/store/ikgcxdw09g63rxb40w73m36474rds29c-mesa-26.0.0/lib/libEGL_mesa.so.0.0.0
7f7f2848e000-7f7f284c9000 r-xp 00010000 00:1c 5349274                    /nix/store/ikgcxdw09g63rxb40w73m36474rds29c-mesa-26.0.0/lib/libEGL_mesa.so.0.0.0
7f7f284c9000-7f7f284db000 r--p 0004b000 00:1c 5349274                    /nix/store/ikgcxdw09g63rxb40w73m36474rds29c-mesa-26.0.0/lib/libEGL_mesa.so.0.0.0
7f7f284db000-7f7f284e8000 r--p 0005c000 00:1c 5349274                    /nix/store/ikgcxdw09g63rxb40w73m36474rds29c-mesa-26.0.0/lib/libEGL_mesa.so.0.0.0
7f7f284e8000-7f7f284e9000 rw-p 00069000 00:1c 5349274                    /nix/store/ikgcxdw09g63rxb40w73m36474rds29c-mesa-26.0.0/lib/libEGL_mesa.so.0.0.0
7f7f284e9000-7f7f284ea000 rw-p 00000000 00:00 0 
7f7f284ea000-7f7f284fa000 rw-s 1121a7000 00:06 912                       /dev/dri/renderD128
7f7f284fa000-7f7f2850a000 rw-s 112197000 00:06 912                       /dev/dri/renderD128
7f7f2850a000-7f7f2851a000 rw-s 112187000 00:06 912                       /dev/dri/renderD128
7f7f2851a000-7f7f2852a000 rw-s 112dbb000 00:06 912                       /dev/dri/renderD128
7f7f2852a000-7f7f2856a000 rw-s 1105df000 00:06 912                       /dev/dri/renderD128
7f7f2856a000-7f7f2858a000 rw-s 1105bf000 00:06 912                       /dev/dri/renderD128
7f7f2858a000-7f7f2859a000 rw-s 1105af000 00:06 912                       /dev/dri/renderD128
7f7f2859a000-7f7f285aa000 rw-s 11059f000 00:06 912                       /dev/dri/renderD128
7f7f285aa000-7f7f285ba000 rw-s 11058f000 00:06 912                       /dev/dri/renderD128
7f7f285ba000-7f7f285ca000 rw-s 11057f000 00:06 912                       /dev/dri/renderD128
7f7f285ca000-7f7f28dcb000 rw-p 00000000 00:00 0 
7f7f28dcb000-7f7f28dcf000 r--p 00000000 00:1c 5349501                    /nix/store/ikgcxdw09g63rxb40w73m36474rds29c-mesa-26.0.0/lib/libVkLayer_MESA_device_select.so
7f7f28dcf000-7f7f28dde000 r-xp 00004000 00:1c 5349501                    /nix/store/ikgcxdw09g63rxb40w73m36474rds29c-mesa-26.0.0/lib/libVkLayer_MESA_device_select.so
7f7f28dde000-7f7f28de2000 r--p 00013000 00:1c 5349501                    /nix/store/ikgcxdw09g63rxb40w73m36474rds29c-mesa-26.0.0/lib/libVkLayer_MESA_device_select.so
7f7f28de2000-7f7f28de3000 r--p 00017000 00:1c 5349501                    /nix/store/ikgcxdw09g63rxb40w73m36474rds29c-mesa-26.0.0/lib/libVkLayer_MESA_device_select.so
7f7f28de3000-7f7f28de4000 rw-p 00018000 00:1c 5349501                    /nix/store/ikgcxdw09g63rxb40w73m36474rds29c-mesa-26.0.0/lib/libVkLayer_MESA_device_select.so
7f7f28de4000-7f7f28de6000 rw-p 00000000 00:00 0 
7f7f28de6000-7f7f28de9000 r--p 00000000 00:1c 3779449                    /nix/store/ljr6cxlr0r64diq75r0zny058iycv66r-libdisplay-info-0.3.0/lib/libdisplay-info.so.0.3.0
7f7f28de9000-7f7f28e02000 r-xp 00003000 00:1c 3779449                    /nix/store/ljr6cxlr0r64diq75r0zny058iycv66r-libdisplay-info-0.3.0/lib/libdisplay-info.so.0.3.0
7f7f28e02000-7f7f28e1e000 r--p 0001c000 00:1c 3779449                    /nix/store/ljr6cxlr0r64diq75r0zny058iycv66r-libdisplay-info-0.3.0/lib/libdisplay-info.so.0.3.0
7f7f28e1e000-7f7f28e1f000 r--p 00037000 00:1c 3779449                    /nix/store/ljr6cxlr0r64diq75r0zny058iycv66r-libdisplay-info-0.3.0/lib/libdisplay-info.so.0.3.0
7f7f28e1f000-7f7f28e20000 rw-p 00038000 00:1c 3779449                    /nix/store/ljr6cxlr0r64diq75r0zny058iycv66r-libdisplay-info-0.3.0/lib/libdisplay-info.so.0.3.0
7f7f28e20000-7f7f28e21000 r--p 00000000 00:1c 3816824                    /nix/store/04rr86jbw425afv9fv8xjq13x80rh2cl-libxcb-keysyms-0.4.1/lib/libxcb-keysyms.so.1.0.0
7f7f28e21000-7f7f28e22000 r-xp 00001000 00:1c 3816824                    /nix/store/04rr86jbw425afv9fv8xjq13x80rh2cl-libxcb-keysyms-0.4.1/lib/libxcb-keysyms.so.1.0.0
7f7f28e22000-7f7f28e23000 r--p 00002000 00:1c 3816824                    /nix/store/04rr86jbw425afv9fv8xjq13x80rh2cl-libxcb-keysyms-0.4.1/lib/libxcb-keysyms.so.1.0.0
7f7f28e23000-7f7f28e24000 r--p 00002000 00:1c 3816824                    /nix/store/04rr86jbw425afv9fv8xjq13x80rh2cl-libxcb-keysyms-0.4.1/lib/libxcb-keysyms.so.1.0.0
7f7f28e24000-7f7f28e25000 rw-p 00003000 00:1c 3816824                    /nix/store/04rr86jbw425afv9fv8xjq13x80rh2cl-libxcb-keysyms-0.4.1/lib/libxcb-keysyms.so.1.0.0
7f7f28e25000-7f7f28e2e000 r--p 00000000 00:1c 3830663                    /nix/store/p571ddsdkd75dilqibr5ly79yb6v88n3-vulkan-loader-1.4.335.0/lib/libvulkan.so.1.4.335
7f7f28e2e000-7f7f28e80000 r-xp 00009000 00:1c 3830663                    /nix/store/p571ddsdkd75dilqibr5ly79yb6v88n3-vulkan-loader-1.4.335.0/lib/libvulkan.so.1.4.335
7f7f28e80000-7f7f28eb3000 r--p 0005b000 00:1c 3830663                    /nix/store/p571ddsdkd75dilqibr5ly79yb6v88n3-vulkan-loader-1.4.335.0/lib/libvulkan.so.1.4.335
7f7f28eb3000-7f7f28eb5000 r--p 0008d000 00:1c 3830663                    /nix/store/p571ddsdkd75dilqibr5ly79yb6v88n3-vulkan-loader-1.4.335.0/lib/libvulkan.so.1.4.335
7f7f28eb5000-7f7f28eb6000 rw-p 0008f000 00:1c 3830663                    /nix/store/p571ddsdkd75dilqibr5ly79yb6v88n3-vulkan-loader-1.4.335.0/lib/libvulkan.so.1.4.335
7f7f28eb6000-7f7f28eb9000 r--p 00000000 00:1c 3834760                    /nix/store/jq9x20k78mv0flq6czs3hvzsidzkd49q-libpciaccess-0.18.1/lib/libpciaccess.so.0.11.1
7f7f28eb9000-7f7f28ebe000 r-xp 00003000 00:1c 3834760                    /nix/store/jq9x20k78mv0flq6czs3hvzsidzkd49q-libpciaccess-0.18.1/lib/libpciaccess.so.0.11.1
7f7f28ebe000-7f7f28ec0000 r--p 00008000 00:1c 3834760                    /nix/store/jq9x20k78mv0flq6czs3hvzsidzkd49q-libpciaccess-0.18.1/lib/libpciaccess.so.0.11.1
7f7f28ec0000-7f7f28ec1000 r--p 00009000 00:1c 3834760                    /nix/store/jq9x20k78mv0flq6czs3hvzsidzkd49q-libpciaccess-0.18.1/lib/libpciaccess.so.0.11.1
7f7f28ec1000-7f7f28ec2000 rw-p 0000a000 00:1c 3834760                    /nix/store/jq9x20k78mv0flq6czs3hvzsidzkd49q-libpciaccess-0.18.1/lib/libpciaccess.so.0.11.1
7f7f28ec2000-7f7f28ec6000 r--p 00000000 00:1c 3832082                    /nix/store/59k463mhfy0i74i6w7d9jabd2rzand2v-xz-5.8.2/lib/liblzma.so.5.8.2
7f7f28ec6000-7f7f28ee7000 r-xp 00004000 00:1c 3832082                    /nix/store/59k463mhfy0i74i6w7d9jabd2rzand2v-xz-5.8.2/lib/liblzma.so.5.8.2
7f7f28ee7000-7f7f28ef2000 r--p 00025000 00:1c 3832082                    /nix/store/59k463mhfy0i74i6w7d9jabd2rzand2v-xz-5.8.2/lib/liblzma.so.5.8.2
7f7f28ef2000-7f7f28ef3000 r--p 00030000 00:1c 3832082                    /nix/store/59k463mhfy0i74i6w7d9jabd2rzand2v-xz-5.8.2/lib/liblzma.so.5.8.2
7f7f28ef3000-7f7f28ef4000 rw-p 00031000 00:1c 3832082                    /nix/store/59k463mhfy0i74i6w7d9jabd2rzand2v-xz-5.8.2/lib/liblzma.so.5.8.2
7f7f28ef4000-7f7f28ef8000 r--p 00000000 00:1c 3835076                    /nix/store/ibmksxcskm802fk7dj03m90y4mx385hq-libdrm-2.4.131/lib/libdrm_intel.so.1.131.0
7f7f28ef8000-7f7f28f10000 r-xp 00004000 00:1c 3835076                    /nix/store/ibmksxcskm802fk7dj03m90y4mx385hq-libdrm-2.4.131/lib/libdrm_intel.so.1.131.0
7f7f28f10000-7f7f28f1a000 r--p 0001c000 00:1c 3835076                    /nix/store/ibmksxcskm802fk7dj03m90y4mx385hq-libdrm-2.4.131/lib/libdrm_intel.so.1.131.0
7f7f28f1a000-7f7f28f1b000 r--p 00025000 00:1c 3835076                    /nix/store/ibmksxcskm802fk7dj03m90y4mx385hq-libdrm-2.4.131/lib/libdrm_intel.so.1.131.0
7f7f28f1b000-7f7f28f1c000 rw-p 00026000 00:1c 3835076                    /nix/store/ibmksxcskm802fk7dj03m90y4mx385hq-libdrm-2.4.131/lib/libdrm_intel.so.1.131.0
7f7f28f1c000-7f7f28f20000 r--p 00000000 00:1c 3835067                    /nix/store/ibmksxcskm802fk7dj03m90y4mx385hq-libdrm-2.4.131/lib/libdrm_amdgpu.so.1.131.0
7f7f28f20000-7f7f28f26000 r-xp 00004000 00:1c 3835067                    /nix/store/ibmksxcskm802fk7dj03m90y4mx385hq-libdrm-2.4.131/lib/libdrm_amdgpu.so.1.131.0
7f7f28f26000-7f7f28f28000 r--p 0000a000 00:1c 3835067                    /nix/store/ibmksxcskm802fk7dj03m90y4mx385hq-libdrm-2.4.131/lib/libdrm_amdgpu.so.1.131.0
7f7f28f28000-7f7f28f29000 r--p 0000b000 00:1c 3835067                    /nix/store/ibmksxcskm802fk7dj03m90y4mx385hq-libdrm-2.4.131/lib/libdrm_amdgpu.so.1.131.0
7f7f28f29000-7f7f28f2a000 rw-p 0000c000 00:1c 3835067                    /nix/store/ibmksxcskm802fk7dj03m90y4mx385hq-libdrm-2.4.131/lib/libdrm_amdgpu.so.1.131.0
7f7f28f2a000-7f7f28f2e000 r--p 00000000 00:1c 3866694                    /nix/store/wf2yfa70lv7n5mg839h7i84ci73v9n37-elfutils-0.194/lib/libelf-0.194.so
7f7f28f2e000-7f7f28f41000 r-xp 00004000 00:1c 3866694                    /nix/store/wf2yfa70lv7n5mg839h7i84ci73v9n37-elfutils-0.194/lib/libelf-0.194.so
7f7f28f41000-7f7f28f46000 r--p 00017000 00:1c 3866694                    /nix/store/wf2yfa70lv7n5mg839h7i84ci73v9n37-elfutils-0.194/lib/libelf-0.194.so
7f7f28f46000-7f7f28f47000 r--p 0001b000 00:1c 3866694                    /nix/store/wf2yfa70lv7n5mg839h7i84ci73v9n37-elfutils-0.194/lib/libelf-0.194.so
7f7f28f47000-7f7f28f48000 rw-p 0001c000 00:1c 3866694                    /nix/store/wf2yfa70lv7n5mg839h7i84ci73v9n37-elfutils-0.194/lib/libelf-0.194.so
7f7f28f48000-7f7f28f4b000 r--p 00000000 00:1c 3816468                    /nix/store/wi2ryivmdlgfh7r2hmsj70r5dnrrw5bc-libxcb-1.17.0/lib/libxcb-sync.so.1.0.0
7f7f28f4b000-7f7f28f4e000 r-xp 00003000 00:1c 3816468                    /nix/store/wi2ryivmdlgfh7r2hmsj70r5dnrrw5bc-libxcb-1.17.0/lib/libxcb-sync.so.1.0.0
7f7f28f4e000-7f7f28f4f000 r--p 00006000 00:1c 3816468                    /nix/store/wi2ryivmdlgfh7r2hmsj70r5dnrrw5bc-libxcb-1.17.0/lib/libxcb-sync.so.1.0.0
7f7f28f4f000-7f7f28f50000 r--p 00007000 00:1c 3816468                    /nix/store/wi2ryivmdlgfh7r2hmsj70r5dnrrw5bc-libxcb-1.17.0/lib/libxcb-sync.so.1.0.0
7f7f28f50000-7f7f28f51000 rw-p 00008000 00:1c 3816468                    /nix/store/wi2ryivmdlgfh7r2hmsj70r5dnrrw5bc-libxcb-1.17.0/lib/libxcb-sync.so.1.0.0
7f7f28f51000-7f7f28f59000 r--p 00000000 00:1c 3816440                    /nix/store/wi2ryivmdlgfh7r2hmsj70r5dnrrw5bc-libxcb-1.17.0/lib/libxcb-randr.so.0.1.0
7f7f28f59000-7f7f28f5e000 r-xp 00008000 00:1c 3816440                    /nix/store/wi2ryivmdlgfh7r2hmsj70r5dnrrw5bc-libxcb-1.17.0/lib/libxcb-randr.so.0.1.0
7f7f28f5e000-7f7f28f61000 r--p 0000d000 00:1c 3816440                    /nix/store/wi2ryivmdlgfh7r2hmsj70r5dnrrw5bc-libxcb-1.17.0/lib/libxcb-randr.so.0.1.0
7f7f28f61000-7f7f28f62000 r--p 00010000 00:1c 3816440                    /nix/store/wi2ryivmdlgfh7r2hmsj70r5dnrrw5bc-libxcb-1.17.0/lib/libxcb-randr.so.0.1.0
7f7f28f62000-7f7f28f63000 rw-p 00011000 00:1c 3816440                    /nix/store/wi2ryivmdlgfh7r2hmsj70r5dnrrw5bc-libxcb-1.17.0/lib/libxcb-randr.so.0.1.0
7f7f28f63000-7f7f28f66000 r--p 00000000 00:1c 3816387                    /nix/store/wndcqsybcbfps5mmcvcaq8jc9c0csk6f-lm-sensors-3.6.2/lib/libsensors.so.5.0.0
7f7f28f66000-7f7f28f6e000 r-xp 00003000 00:1c 3816387                    /nix/store/wndcqsybcbfps5mmcvcaq8jc9c0csk6f-lm-sensors-3.6.2/lib/libsensors.so.5.0.0
7f7f28f6e000-7f7f28f73000 r--p 0000b000 00:1c 3816387                    /nix/store/wndcqsybcbfps5mmcvcaq8jc9c0csk6f-lm-sensors-3.6.2/lib/libsensors.so.5.0.0
7f7f28f73000-7f7f28f74000 r--p 0000f000 00:1c 3816387                    /nix/store/wndcqsybcbfps5mmcvcaq8jc9c0csk6f-lm-sensors-3.6.2/lib/libsensors.so.5.0.0
7f7f28f74000-7f7f28f75000 rw-p 00010000 00:1c 3816387                    /nix/store/wndcqsybcbfps5mmcvcaq8jc9c0csk6f-lm-sensors-3.6.2/lib/libsensors.so.5.0.0
7f7f28f75000-7f7f28f7e000 r--p 00000000 00:1c 3855456                    /nix/store/hqjka260vqvnl1k73dwqqqhcx0yiy6c0-zstd-1.5.7/lib/libzstd.so.1.5.7
7f7f28f7e000-7f7f2903c000 r-xp 00009000 00:1c 3855456                    /nix/store/hqjka260vqvnl1k73dwqqqhcx0yiy6c0-zstd-1.5.7/lib/libzstd.so.1.5.7
7f7f2903c000-7f7f29048000 r--p 000c7000 00:1c 3855456                    /nix/store/hqjka260vqvnl1k73dwqqqhcx0yiy6c0-zstd-1.5.7/lib/libzstd.so.1.5.7
7f7f29048000-7f7f29049000 r--p 000d3000 00:1c 3855456                    /nix/store/hqjka260vqvnl1k73dwqqqhcx0yiy6c0-zstd-1.5.7/lib/libzstd.so.1.5.7
7f7f29049000-7f7f2904a000 rw-p 000d4000 00:1c 3855456                    /nix/store/hqjka260vqvnl1k73dwqqqhcx0yiy6c0-zstd-1.5.7/lib/libzstd.so.1.5.7
7f7f2904a000-7f7f2904e000 r--p 00000000 00:1c 3816482                    /nix/store/wi2ryivmdlgfh7r2hmsj70r5dnrrw5bc-libxcb-1.17.0/lib/libxcb-xfixes.so.0.0.0
7f7f2904e000-7f7f29051000 r-xp 00004000 00:1c 3816482                    /nix/store/wi2ryivmdlgfh7r2hmsj70r5dnrrw5bc-libxcb-1.17.0/lib/libxcb-xfixes.so.0.0.0
7f7f29051000-7f7f29053000 r--p 00007000 00:1c 3816482                    /nix/store/wi2ryivmdlgfh7r2hmsj70r5dnrrw5bc-libxcb-1.17.0/lib/libxcb-xfixes.so.0.0.0
7f7f29053000-7f7f29054000 r--p 00008000 00:1c 3816482                    /nix/store/wi2ryivmdlgfh7r2hmsj70r5dnrrw5bc-libxcb-1.17.0/lib/libxcb-xfixes.so.0.0.0
7f7f29054000-7f7f29055000 rw-p 00009000 00:1c 3816482                    /nix/store/wi2ryivmdlgfh7r2hmsj70r5dnrrw5bc-libxcb-1.17.0/lib/libxcb-xfixes.so.0.0.0
7f7f29055000-7f7f29062000 r--p 00000000 00:1c 3816365                    /nix/store/wi2ryivmdlgfh7r2hmsj70r5dnrrw5bc-libxcb-1.17.0/lib/libxcb-glx.so.0.0.0
7f7f29062000-7f7f2906b000 r-xp 0000d000 00:1c 3816365                    /nix/store/wi2ryivmdlgfh7r2hmsj70r5dnrrw5bc-libxcb-1.17.0/lib/libxcb-glx.so.0.0.0
7f7f2906b000-7f7f29070000 r--p 00016000 00:1c 3816365                    /nix/store/wi2ryivmdlgfh7r2hmsj70r5dnrrw5bc-libxcb-1.17.0/lib/libxcb-glx.so.0.0.0
7f7f29070000-7f7f29072000 r--p 0001b000 00:1c 3816365                    /nix/store/wi2ryivmdlgfh7r2hmsj70r5dnrrw5bc-libxcb-1.17.0/lib/libxcb-glx.so.0.0.0
7f7f29072000-7f7f29073000 rw-p 0001d000 00:1c 3816365                    /nix/store/wi2ryivmdlgfh7r2hmsj70r5dnrrw5bc-libxcb-1.17.0/lib/libxcb-glx.so.0.0.0
7f7f29073000-7f7f290c0000 rw-p 00000000 00:00 0 
7f7f290c2000-7f7f290c3000 r--p 00000000 00:1c 3815910                    /nix/store/r3bwqglvb1419nfgb1h2r1q51zs85l28-libxshmfence-1.3.3/lib/libxshmfence.so.1.0.0
7f7f290c3000-7f7f290c4000 r-xp 00001000 00:1c 3815910                    /nix/store/r3bwqglvb1419nfgb1h2r1q51zs85l28-libxshmfence-1.3.3/lib/libxshmfence.so.1.0.0
7f7f290c4000-7f7f290c5000 r--p 00002000 00:1c 3815910                    /nix/store/r3bwqglvb1419nfgb1h2r1q51zs85l28-libxshmfence-1.3.3/lib/libxshmfence.so.1.0.0
7f7f290c5000-7f7f290c6000 r--p 00002000 00:1c 3815910                    /nix/store/r3bwqglvb1419nfgb1h2r1q51zs85l28-libxshmfence-1.3.3/lib/libxshmfence.so.1.0.0
7f7f290c6000-7f7f290c7000 rw-p 00003000 00:1c 3815910                    /nix/store/r3bwqglvb1419nfgb1h2r1q51zs85l28-libxshmfence-1.3.3/lib/libxshmfence.so.1.0.0
7f7f290c7000-7f7f290c9000 r--p 00000000 00:1c 3816361                    /nix/store/wi2ryivmdlgfh7r2hmsj70r5dnrrw5bc-libxcb-1.17.0/lib/libxcb-dri3.so.0.1.0
7f7f290c9000-7f7f290cb000 r-xp 00002000 00:1c 3816361                    /nix/store/wi2ryivmdlgfh7r2hmsj70r5dnrrw5bc-libxcb-1.17.0/lib/libxcb-dri3.so.0.1.0
7f7f290cb000-7f7f290cc000 r--p 00004000 00:1c 3816361                    /nix/store/wi2ryivmdlgfh7r2hmsj70r5dnrrw5bc-libxcb-1.17.0/lib/libxcb-dri3.so.0.1.0
7f7f290cc000-7f7f290cd000 r--p 00004000 00:1c 3816361                    /nix/store/wi2ryivmdlgfh7r2hmsj70r5dnrrw5bc-libxcb-1.17.0/lib/libxcb-dri3.so.0.1.0
7f7f290cd000-7f7f290ce000 rw-p 00005000 00:1c 3816361                    /nix/store/wi2ryivmdlgfh7r2hmsj70r5dnrrw5bc-libxcb-1.17.0/lib/libxcb-dri3.so.0.1.0
7f7f290ce000-7f7f290da000 r--p 00000000 00:1c 5349299                    /nix/store/ikgcxdw09g63rxb40w73m36474rds29c-mesa-26.0.0/lib/libGLX_mesa.so.0.0.0
7f7f290da000-7f7f2911c000 r-xp 0000c000 00:1c 5349299                    /nix/store/ikgcxdw09g63rxb40w73m36474rds29c-mesa-26.0.0/lib/libGLX_mesa.so.0.0.0
7f7f2911c000-7f7f2912b000 r--p 0004e000 00:1c 5349299                    /nix/store/ikgcxdw09g63rxb40w73m36474rds29c-mesa-26.0.0/lib/libGLX_mesa.so.0.0.0
7f7f2912b000-7f7f2912f000 r--p 0005d000 00:1c 5349299                    /nix/store/ikgcxdw09g63rxb40w73m36474rds29c-mesa-26.0.0/lib/libGLX_mesa.so.0.0.0
7f7f2912f000-7f7f29130000 rw-p 00061000 00:1c 5349299                    /nix/store/ikgcxdw09g63rxb40w73m36474rds29c-mesa-26.0.0/lib/libGLX_mesa.so.0.0.0
7f7f29130000-7f7f29134000 r--p 00000000 00:1c 3931429                    /nix/store/z8pz8hz2psggqsws4n7mzbbdghpcxm71-pipewire-1.4.9/lib/spa-0.2/support/libspa-support.so
7f7f29134000-7f7f29150000 r-xp 00004000 00:1c 3931429                    /nix/store/z8pz8hz2psggqsws4n7mzbbdghpcxm71-pipewire-1.4.9/lib/spa-0.2/support/libspa-support.so
7f7f29150000-7f7f29155000 r--p 00020000 00:1c 3931429                    /nix/store/z8pz8hz2psggqsws4n7mzbbdghpcxm71-pipewire-1.4.9/lib/spa-0.2/support/libspa-support.so
7f7f29155000-7f7f29157000 r--p 00025000 00:1c 3931429                    /nix/store/z8pz8hz2psggqsws4n7mzbbdghpcxm71-pipewire-1.4.9/lib/spa-0.2/support/libspa-support.so
7f7f29157000-7f7f29158000 rw-p 00027000 00:1c 3931429                    /nix/store/z8pz8hz2psggqsws4n7mzbbdghpcxm71-pipewire-1.4.9/lib/spa-0.2/support/libspa-support.so
7f7f29158000-7f7f2915e000 r--p 00000000 00:1c 3756881                    /nix/store/wb6rhpznjfczwlwx23zmdrrw74bayxw4-glibc-2.42-47/lib/libmvec.so.1
7f7f2915e000-7f7f29181000 r-xp 00006000 00:1c 3756881                    /nix/store/wb6rhpznjfczwlwx23zmdrrw74bayxw4-glibc-2.42-47/lib/libmvec.so.1
7f7f29181000-7f7f29250000 r--p 00029000 00:1c 3756881                    /nix/store/wb6rhpznjfczwlwx23zmdrrw74bayxw4-glibc-2.42-47/lib/libmvec.so.1
7f7f29250000-7f7f29251000 r--p 000f8000 00:1c 3756881                    /nix/store/wb6rhpznjfczwlwx23zmdrrw74bayxw4-glibc-2.42-47/lib/libmvec.so.1
7f7f29251000-7f7f29252000 rw-p 000f9000 00:1c 3756881                    /nix/store/wb6rhpznjfczwlwx23zmdrrw74bayxw4-glibc-2.42-47/lib/libmvec.so.1
7f7f29252000-7f7f29259000 r--p 00000000 00:1c 3774660                    /nix/store/88dcjia5rb7h96shhfxcda3f4wv96i79-lame-3.100-lib/lib/libmp3lame.so.0.0.0
7f7f29259000-7f7f2928d000 r-xp 00007000 00:1c 3774660                    /nix/store/88dcjia5rb7h96shhfxcda3f4wv96i79-lame-3.100-lib/lib/libmp3lame.so.0.0.0
7f7f2928d000-7f7f2929f000 r--p 0003b000 00:1c 3774660                    /nix/store/88dcjia5rb7h96shhfxcda3f4wv96i79-lame-3.100-lib/lib/libmp3lame.so.0.0.0
7f7f2929f000-7f7f292a1000 r--p 0004c000 00:1c 3774660                    /nix/store/88dcjia5rb7h96shhfxcda3f4wv96i79-lame-3.100-lib/lib/libmp3lame.so.0.0.0
7f7f292a1000-7f7f292a2000 rw-p 0004e000 00:1c 3774660                    /nix/store/88dcjia5rb7h96shhfxcda3f4wv96i79-lame-3.100-lib/lib/libmp3lame.so.0.0.0
7f7f292a2000-7f7f292cf000 rw-p 00000000 00:00 0 
7f7f292cf000-7f7f292d6000 r--p 00000000 00:1c 3793100                    /nix/store/9p6mb7zfw66a1rm61fw25a3qsgpmg08i-libmpg123-1.33.4/lib/libmpg123.so.0.49.4
7f7f292d6000-7f7f29313000 r-xp 00007000 00:1c 3793100                    /nix/store/9p6mb7zfw66a1rm61fw25a3qsgpmg08i-libmpg123-1.33.4/lib/libmpg123.so.0.49.4
7f7f29313000-7f7f2932f000 r--p 00044000 00:1c 3793100                    /nix/store/9p6mb7zfw66a1rm61fw25a3qsgpmg08i-libmpg123-1.33.4/lib/libmpg123.so.0.49.4
7f7f2932f000-7f7f29330000 r--p 00060000 00:1c 3793100                    /nix/store/9p6mb7zfw66a1rm61fw25a3qsgpmg08i-libmpg123-1.33.4/lib/libmpg123.so.0.49.4
7f7f29330000-7f7f29331000 rw-p 00061000 00:1c 3793100                    /nix/store/9p6mb7zfw66a1rm61fw25a3qsgpmg08i-libmpg123-1.33.4/lib/libmpg123.so.0.49.4
7f7f29331000-7f7f29333000 r--p 00000000 00:1c 3802941                    /nix/store/y9vcf13g4dsnwkv0vf1pm4hlryzpnr3p-libogg-1.3.6/lib/libogg.so.0.8.6
7f7f29333000-7f7f29337000 r-xp 00002000 00:1c 3802941                    /nix/store/y9vcf13g4dsnwkv0vf1pm4hlryzpnr3p-libogg-1.3.6/lib/libogg.so.0.8.6
7f7f29337000-7f7f2933a000 r--p 00006000 00:1c 3802941                    /nix/store/y9vcf13g4dsnwkv0vf1pm4hlryzpnr3p-libogg-1.3.6/lib/libogg.so.0.8.6
7f7f2933a000-7f7f2933b000 r--p 00009000 00:1c 3802941                    /nix/store/y9vcf13g4dsnwkv0vf1pm4hlryzpnr3p-libogg-1.3.6/lib/libogg.so.0.8.6
7f7f2933b000-7f7f2933c000 rw-p 0000a000 00:1c 3802941                    /nix/store/y9vcf13g4dsnwkv0vf1pm4hlryzpnr3p-libogg-1.3.6/lib/libogg.so.0.8.6
7f7f2933c000-7f7f29340000 r--p 00000000 00:1c 3805449                    /nix/store/2nv593b676rfgbk0vqmpbwiw3xnm4qfw-libopus-1.5.2/lib/libopus.so.0.10.1
7f7f29340000-7f7f29397000 r-xp 00004000 00:1c 3805449                    /nix/store/2nv593b676rfgbk0vqmpbwiw3xnm4qfw-libopus-1.5.2/lib/libopus.so.0.10.1
7f7f29397000-7f7f293ab000 r--p 0005b000 00:1c 3805449                    /nix/store/2nv593b676rfgbk0vqmpbwiw3xnm4qfw-libopus-1.5.2/lib/libopus.so.0.10.1
7f7f293ab000-7f7f293ac000 r--p 0006f000 00:1c 3805449                    /nix/store/2nv593b676rfgbk0vqmpbwiw3xnm4qfw-libopus-1.5.2/lib/libopus.so.0.10.1
7f7f293ac000-7f7f293ad000 rw-p 00070000 00:1c 3805449                    /nix/store/2nv593b676rfgbk0vqmpbwiw3xnm4qfw-libopus-1.5.2/lib/libopus.so.0.10.1
7f7f293ad000-7f7f293c1000 r--p 00000000 00:1c 3816082                    /nix/store/g5bggq1qshkrmni0vjjd4ihgd4hfm848-libvorbis-1.3.7/lib/libvorbisenc.so.2.0.12
7f7f293c1000-7f7f293c5000 r-xp 00014000 00:1c 3816082                    /nix/store/g5bggq1qshkrmni0vjjd4ihgd4hfm848-libvorbis-1.3.7/lib/libvorbisenc.so.2.0.12
7f7f293c5000-7f7f2943c000 r--p 00018000 00:1c 3816082                    /nix/store/g5bggq1qshkrmni0vjjd4ihgd4hfm848-libvorbis-1.3.7/lib/libvorbisenc.so.2.0.12
7f7f2943c000-7f7f29458000 r--p 0008e000 00:1c 3816082                    /nix/store/g5bggq1qshkrmni0vjjd4ihgd4hfm848-libvorbis-1.3.7/lib/libvorbisenc.so.2.0.12
7f7f29458000-7f7f29459000 rw-p 000aa000 00:1c 3816082                    /nix/store/g5bggq1qshkrmni0vjjd4ihgd4hfm848-libvorbis-1.3.7/lib/libvorbisenc.so.2.0.12
7f7f29459000-7f7f2945d000 r--p 00000000 00:1c 3816011                    /nix/store/g5bggq1qshkrmni0vjjd4ihgd4hfm848-libvorbis-1.3.7/lib/libvorbis.so.0.4.9
7f7f2945d000-7f7f29483000 r-xp 00004000 00:1c 3816011                    /nix/store/g5bggq1qshkrmni0vjjd4ihgd4hfm848-libvorbis-1.3.7/lib/libvorbis.so.0.4.9
7f7f29483000-7f7f29494000 r--p 0002a000 00:1c 3816011                    /nix/store/g5bggq1qshkrmni0vjjd4ihgd4hfm848-libvorbis-1.3.7/lib/libvorbis.so.0.4.9
7f7f29494000-7f7f29495000 r--p 0003a000 00:1c 3816011                    /nix/store/g5bggq1qshkrmni0vjjd4ihgd4hfm848-libvorbis-1.3.7/lib/libvorbis.so.0.4.9
7f7f29495000-7f7f29496000 rw-p 0003b000 00:1c 3816011                    /nix/store/g5bggq1qshkrmni0vjjd4ihgd4hfm848-libvorbis-1.3.7/lib/libvorbis.so.0.4.9
7f7f29496000-7f7f294a0000 r--p 00000000 00:1c 3808268                    /nix/store/aiq4flp4ip4kby245wl0shi6c1mim9xa-flac-1.5.0/lib/libFLAC.so.14.0.0
7f7f294a0000-7f7f2951a000 r-xp 0000a000 00:1c 3808268                    /nix/store/aiq4flp4ip4kby245wl0shi6c1mim9xa-flac-1.5.0/lib/libFLAC.so.14.0.0
7f7f2951a000-7f7f29523000 r--p 00084000 00:1c 3808268                    /nix/store/aiq4flp4ip4kby245wl0shi6c1mim9xa-flac-1.5.0/lib/libFLAC.so.14.0.0
7f7f29523000-7f7f29525000 r--p 0008c000 00:1c 3808268                    /nix/store/aiq4flp4ip4kby245wl0shi6c1mim9xa-flac-1.5.0/lib/libFLAC.so.14.0.0
7f7f29525000-7f7f29526000 rw-p 0008e000 00:1c 3808268                    /nix/store/aiq4flp4ip4kby245wl0shi6c1mim9xa-flac-1.5.0/lib/libFLAC.so.14.0.0
7f7f29526000-7f7f29530000 r--p 00000000 00:1c 3816407                    /nix/store/79sd39gd5avydc5hp0alvmi75g9wavbi-libsndfile-1.2.2/lib/libsndfile.so.1.0.37
7f7f29530000-7f7f2959a000 r-xp 0000a000 00:1c 3816407                    /nix/store/79sd39gd5avydc5hp0alvmi75g9wavbi-libsndfile-1.2.2/lib/libsndfile.so.1.0.37
7f7f2959a000-7f7f295b6000 r--p 00074000 00:1c 3816407                    /nix/store/79sd39gd5avydc5hp0alvmi75g9wavbi-libsndfile-1.2.2/lib/libsndfile.so.1.0.37
7f7f295b6000-7f7f295b9000 r--p 00090000 00:1c 3816407                    /nix/store/79sd39gd5avydc5hp0alvmi75g9wavbi-libsndfile-1.2.2/lib/libsndfile.so.1.0.37
7f7f295b9000-7f7f295ba000 rw-p 00093000 00:1c 3816407                    /nix/store/79sd39gd5avydc5hp0alvmi75g9wavbi-libsndfile-1.2.2/lib/libsndfile.so.1.0.37
7f7f295ba000-7f7f295bc000 rw-p 00000000 00:00 0 
7f7f295bc000-7f7f295d2000 r--p 00000000 00:1c 3882807                    /nix/store/cfmbxsnjz9zvp1rl0h84hp93lxi6bp2f-libpulseaudio-17.0/lib/pulseaudio/libpulsecommon-17.0.so
7f7f295d2000-7f7f2961f000 r-xp 00016000 00:1c 3882807                    /nix/store/cfmbxsnjz9zvp1rl0h84hp93lxi6bp2f-libpulseaudio-17.0/lib/pulseaudio/libpulsecommon-17.0.so
7f7f2961f000-7f7f2963e000 r--p 00063000 00:1c 3882807                    /nix/store/cfmbxsnjz9zvp1rl0h84hp93lxi6bp2f-libpulseaudio-17.0/lib/pulseaudio/libpulsecommon-17.0.so
7f7f2963e000-7f7f29640000 r--p 00082000 00:1c 3882807                    /nix/store/cfmbxsnjz9zvp1rl0h84hp93lxi6bp2f-libpulseaudio-17.0/lib/pulseaudio/libpulsecommon-17.0.so
7f7f29640000-7f7f29641000 rw-p 00084000 00:1c 3882807                    /nix/store/cfmbxsnjz9zvp1rl0h84hp93lxi6bp2f-libpulseaudio-17.0/lib/pulseaudio/libpulsecommon-17.0.so
7f7f29641000-7f7f29654000 r--p 00000000 00:1c 3831940                    /nix/store/j03k2ixa399jyadfkgcjvsl1sid6yli6-systemd-minimal-libs-258.3/lib/libudev.so.1.7.11
7f7f29654000-7f7f29732000 r-xp 00013000 00:1c 3831940                    /nix/store/j03k2ixa399jyadfkgcjvsl1sid6yli6-systemd-minimal-libs-258.3/lib/libudev.so.1.7.11
7f7f29732000-7f7f2977d000 r--p 000f1000 00:1c 3831940                    /nix/store/j03k2ixa399jyadfkgcjvsl1sid6yli6-systemd-minimal-libs-258.3/lib/libudev.so.1.7.11
7f7f2977d000-7f7f29788000 r--p 0013c000 00:1c 3831940                    /nix/store/j03k2ixa399jyadfkgcjvsl1sid6yli6-systemd-minimal-libs-258.3/lib/libudev.so.1.7.11
7f7f29788000-7f7f29789000 rw-p 00147000 00:1c 3831940                    /nix/store/j03k2ixa399jyadfkgcjvsl1sid6yli6-systemd-minimal-libs-258.3/lib/libudev.so.1.7.11
7f7f29789000-7f7f29797000 r--p 00000000 00:1c 3882753                    /nix/store/cfmbxsnjz9zvp1rl0h84hp93lxi6bp2f-libpulseaudio-17.0/lib/libpulse.so.0.24.3
7f7f29797000-7f7f297c9000 r-xp 0000e000 00:1c 3882753                    /nix/store/cfmbxsnjz9zvp1rl0h84hp93lxi6bp2f-libpulseaudio-17.0/lib/libpulse.so.0.24.3
7f7f297c9000-7f7f297da000 r--p 00040000 00:1c 3882753                    /nix/store/cfmbxsnjz9zvp1rl0h84hp93lxi6bp2f-libpulseaudio-17.0/lib/libpulse.so.0.24.3
7f7f297da000-7f7f297dc000 r--p 00050000 00:1c 3882753                    /nix/store/cfmbxsnjz9zvp1rl0h84hp93lxi6bp2f-libpulseaudio-17.0/lib/libpulse.so.0.24.3
7f7f297dc000-7f7f297dd000 rw-p 00052000 00:1c 3882753                    /nix/store/cfmbxsnjz9zvp1rl0h84hp93lxi6bp2f-libpulseaudio-17.0/lib/libpulse.so.0.24.3
7f7f297dd000-7f7f297ff000 r--p 00000000 00:1c 3931014                    /nix/store/z8pz8hz2psggqsws4n7mzbbdghpcxm71-pipewire-1.4.9/lib/libpipewire-0.3.so.0.1409.0
7f7f297ff000-7f7f298a0000 r-xp 00022000 00:1c 3931014                    /nix/store/z8pz8hz2psggqsws4n7mzbbdghpcxm71-pipewire-1.4.9/lib/libpipewire-0.3.so.0.1409.0
7f7f298a0000-7f7f298bd000 r--p 000c3000 00:1c 3931014                    /nix/store/z8pz8hz2psggqsws4n7mzbbdghpcxm71-pipewire-1.4.9/lib/libpipewire-0.3.so.0.1409.0
7f7f298bd000-7f7f298d2000 r--p 000e0000 00:1c 3931014                    /nix/store/z8pz8hz2psggqsws4n7mzbbdghpcxm71-pipewire-1.4.9/lib/libpipewire-0.3.so.0.1409.0
7f7f298d2000-7f7f298d3000 rw-p 000f5000 00:1c 3931014                    /nix/store/z8pz8hz2psggqsws4n7mzbbdghpcxm71-pipewire-1.4.9/lib/libpipewire-0.3.so.0.1409.0
7f7f298d3000-7f7f298d4000 rw-p 00000000 00:00 0 
7f7f298d4000-7f7f29907000 r--p 00000000 00:1c 3870895                    /nix/store/ij05c25c11dissklsp3fiysb8kah7iq5-alsa-lib-1.2.15.1/lib/libasound.so.2.0.0
7f7f29907000-7f7f299b4000 r-xp 00033000 00:1c 3870895                    /nix/store/ij05c25c11dissklsp3fiysb8kah7iq5-alsa-lib-1.2.15.1/lib/libasound.so.2.0.0
7f7f299b4000-7f7f299f7000 r--p 000e0000 00:1c 3870895                    /nix/store/ij05c25c11dissklsp3fiysb8kah7iq5-alsa-lib-1.2.15.1/lib/libasound.so.2.0.0
7f7f299f7000-7f7f299ff000 r--p 00123000 00:1c 3870895                    /nix/store/ij05c25c11dissklsp3fiysb8kah7iq5-alsa-lib-1.2.15.1/lib/libasound.so.2.0.0
7f7f299ff000-7f7f29a00000 rw-p 0012b000 00:1c 3870895                    /nix/store/ij05c25c11dissklsp3fiysb8kah7iq5-alsa-lib-1.2.15.1/lib/libasound.so.2.0.0
7f7f29a00000-7f7f29a50000 r--p 00000000 00:1c 4235897                    /nix/store/d03ffhjdx2mcv0akcz67fcdb01zkyqz8-sdl3-3.4.0-lib/lib/libSDL3.so.0.4.0
7f7f29a50000-7f7f29d2d000 r-xp 00050000 00:1c 4235897                    /nix/store/d03ffhjdx2mcv0akcz67fcdb01zkyqz8-sdl3-3.4.0-lib/lib/libSDL3.so.0.4.0
7f7f29d2d000-7f7f29dd3000 r--p 0032d000 00:1c 4235897                    /nix/store/d03ffhjdx2mcv0akcz67fcdb01zkyqz8-sdl3-3.4.0-lib/lib/libSDL3.so.0.4.0
7f7f29dd3000-7f7f29de3000 r--p 003d3000 00:1c 4235897                    /nix/store/d03ffhjdx2mcv0akcz67fcdb01zkyqz8-sdl3-3.4.0-lib/lib/libSDL3.so.0.4.0
7f7f29de3000-7f7f29def000 rw-p 003e3000 00:1c 4235897                    /nix/store/d03ffhjdx2mcv0akcz67fcdb01zkyqz8-sdl3-3.4.0-lib/lib/libSDL3.so.0.4.0
7f7f29def000-7f7f29df6000 rw-p 00000000 00:00 0 
7f7f29df6000-7f7f29df8000 r--p 00000000 00:1c 3816436                    /nix/store/wi2ryivmdlgfh7r2hmsj70r5dnrrw5bc-libxcb-1.17.0/lib/libxcb-present.so.0.0.0
7f7f29df8000-7f7f29df9000 r-xp 00002000 00:1c 3816436                    /nix/store/wi2ryivmdlgfh7r2hmsj70r5dnrrw5bc-libxcb-1.17.0/lib/libxcb-present.so.0.0.0
7f7f29df9000-7f7f29dfa000 r--p 00003000 00:1c 3816436                    /nix/store/wi2ryivmdlgfh7r2hmsj70r5dnrrw5bc-libxcb-1.17.0/lib/libxcb-present.so.0.0.0
7f7f29dfa000-7f7f29dfb000 r--p 00003000 00:1c 3816436                    /nix/store/wi2ryivmdlgfh7r2hmsj70r5dnrrw5bc-libxcb-1.17.0/lib/libxcb-present.so.0.0.0
7f7f29dfb000-7f7f29dfc000 rw-p 00004000 00:1c 3816436                    /nix/store/wi2ryivmdlgfh7r2hmsj70r5dnrrw5bc-libxcb-1.17.0/lib/libxcb-present.so.0.0.0
7f7f29dfc000-7f7f29e02000 r--p 00000000 00:1c 3834964                    /nix/store/ibmksxcskm802fk7dj03m90y4mx385hq-libdrm-2.4.131/lib/libdrm.so.2.131.0
7f7f29e02000-7f7f29e0f000 r-xp 00006000 00:1c 3834964                    /nix/store/ibmksxcskm802fk7dj03m90y4mx385hq-libdrm-2.4.131/lib/libdrm.so.2.131.0
7f7f29e0f000-7f7f29e13000 r--p 00013000 00:1c 3834964                    /nix/store/ibmksxcskm802fk7dj03m90y4mx385hq-libdrm-2.4.131/lib/libdrm.so.2.131.0
7f7f29e13000-7f7f29e14000 r--p 00017000 00:1c 3834964                    /nix/store/ibmksxcskm802fk7dj03m90y4mx385hq-libdrm-2.4.131/lib/libdrm.so.2.131.0
7f7f29e14000-7f7f29e15000 rw-p 00018000 00:1c 3834964                    /nix/store/ibmksxcskm802fk7dj03m90y4mx385hq-libdrm-2.4.131/lib/libdrm.so.2.131.0
7f7f29e15000-7f7f29e1b000 r--p 00000000 00:1c 4863507                    /nix/store/qnamc978gh40gj3zl1s4yyk2xlhkiskl-pipewire-1.4.9-jack/lib/libjack.so.0.3.1409
7f7f29e1b000-7f7f29e47000 r-xp 00006000 00:1c 4863507                    /nix/store/qnamc978gh40gj3zl1s4yyk2xlhkiskl-pipewire-1.4.9-jack/lib/libjack.so.0.3.1409
7f7f29e47000-7f7f29e4f000 r--p 00032000 00:1c 4863507                    /nix/store/qnamc978gh40gj3zl1s4yyk2xlhkiskl-pipewire-1.4.9-jack/lib/libjack.so.0.3.1409
7f7f29e4f000-7f7f29e50000 r--p 0003a000 00:1c 4863507                    /nix/store/qnamc978gh40gj3zl1s4yyk2xlhkiskl-pipewire-1.4.9-jack/lib/libjack.so.0.3.1409
7f7f29e50000-7f7f29e51000 rw-p 0003b000 00:1c 4863507                    /nix/store/qnamc978gh40gj3zl1s4yyk2xlhkiskl-pipewire-1.4.9-jack/lib/libjack.so.0.3.1409
7f7f29e51000-7f7f29e56000 r--p 00000000 00:1c 3832650                    /nix/store/4v4ns2sw2qffrfaqz0zmqmz778ijzy7v-libusb-1.0.29/lib/libusb-1.0.so.0.5.0
7f7f29e56000-7f7f29e67000 r-xp 00005000 00:1c 3832650                    /nix/store/4v4ns2sw2qffrfaqz0zmqmz778ijzy7v-libusb-1.0.29/lib/libusb-1.0.so.0.5.0
7f7f29e67000-7f7f29e70000 r--p 00016000 00:1c 3832650                    /nix/store/4v4ns2sw2qffrfaqz0zmqmz778ijzy7v-libusb-1.0.29/lib/libusb-1.0.so.0.5.0
7f7f29e70000-7f7f29e71000 r--p 0001f000 00:1c 3832650                    /nix/store/4v4ns2sw2qffrfaqz0zmqmz778ijzy7v-libusb-1.0.29/lib/libusb-1.0.so.0.5.0
7f7f29e71000-7f7f29e72000 rw-p 00020000 00:1c 3832650                    /nix/store/4v4ns2sw2qffrfaqz0zmqmz778ijzy7v-libusb-1.0.29/lib/libusb-1.0.so.0.5.0
7f7f29e72000-7f7f29eb3000 r--p 00000000 00:1c 3821202                    /nix/store/bafh2k71bs9ls9vjzkkvpzfzilqqis8c-libglvnd-1.7.0/lib/libGLdispatch.so.0.0.0
7f7f29eb3000-7f7f29ef3000 r-xp 00041000 00:1c 3821202                    /nix/store/bafh2k71bs9ls9vjzkkvpzfzilqqis8c-libglvnd-1.7.0/lib/libGLdispatch.so.0.0.0
7f7f29ef3000-7f7f29f06000 r--p 00081000 00:1c 3821202                    /nix/store/bafh2k71bs9ls9vjzkkvpzfzilqqis8c-libglvnd-1.7.0/lib/libGLdispatch.so.0.0.0
7f7f29f06000-7f7f29f22000 r--p 00094000 00:1c 3821202                    /nix/store/bafh2k71bs9ls9vjzkkvpzfzilqqis8c-libglvnd-1.7.0/lib/libGLdispatch.so.0.0.0
7f7f29f22000-7f7f29f23000 rw-p 000b0000 00:1c 3821202                    /nix/store/bafh2k71bs9ls9vjzkkvpzfzilqqis8c-libglvnd-1.7.0/lib/libGLdispatch.so.0.0.0
7f7f29f23000-7f7f29f2b000 rw-p 00000000 00:00 0 
7f7f29f2b000-7f7f29f2e000 r--p 00000000 00:1c 3820895                    /nix/store/bafh2k71bs9ls9vjzkkvpzfzilqqis8c-libglvnd-1.7.0/lib/libEGL.so.1.1.0
7f7f29f2e000-7f7f29f3b000 r-xp 00003000 00:1c 3820895                    /nix/store/bafh2k71bs9ls9vjzkkvpzfzilqqis8c-libglvnd-1.7.0/lib/libEGL.so.1.1.0
7f7f29f3b000-7f7f29f3f000 r--p 00010000 00:1c 3820895                    /nix/store/bafh2k71bs9ls9vjzkkvpzfzilqqis8c-libglvnd-1.7.0/lib/libEGL.so.1.1.0
7f7f29f3f000-7f7f29f40000 r--p 00014000 00:1c 3820895                    /nix/store/bafh2k71bs9ls9vjzkkvpzfzilqqis8c-libglvnd-1.7.0/lib/libEGL.so.1.1.0
7f7f29f40000-7f7f29f41000 rw-p 00015000 00:1c 3820895                    /nix/store/bafh2k71bs9ls9vjzkkvpzfzilqqis8c-libglvnd-1.7.0/lib/libEGL.so.1.1.0
7f7f29f41000-7f7f29f46000 r--p 00000000 00:1c 4169995                    /nix/store/qjwbsxj6vl015jfiy58sblab02anhj48-glu-9.0.3/lib/libGLU.so.1.3.1
7f7f29f46000-7f7f29fa6000 r-xp 00005000 00:1c 4169995                    /nix/store/qjwbsxj6vl015jfiy58sblab02anhj48-glu-9.0.3/lib/libGLU.so.1.3.1
7f7f29fa6000-7f7f29fba000 r--p 00065000 00:1c 4169995                    /nix/store/qjwbsxj6vl015jfiy58sblab02anhj48-glu-9.0.3/lib/libGLU.so.1.3.1
7f7f29fba000-7f7f29fbc000 r--p 00078000 00:1c 4169995                    /nix/store/qjwbsxj6vl015jfiy58sblab02anhj48-glu-9.0.3/lib/libGLU.so.1.3.1
7f7f29fbc000-7f7f29fbd000 rw-p 0007a000 00:1c 4169995                    /nix/store/qjwbsxj6vl015jfiy58sblab02anhj48-glu-9.0.3/lib/libGLU.so.1.3.1
7f7f29fbd000-7f7f2a006000 r--p 00000000 00:1c 3820899                    /nix/store/bafh2k71bs9ls9vjzkkvpzfzilqqis8c-libglvnd-1.7.0/lib/libGL.so.1.7.0
7f7f2a006000-7f7f2a026000 r-xp 00049000 00:1c 3820899                    /nix/store/bafh2k71bs9ls9vjzkkvpzfzilqqis8c-libglvnd-1.7.0/lib/libGL.so.1.7.0
7f7f2a026000-7f7f2a03a000 r--p 00069000 00:1c 3820899                    /nix/store/bafh2k71bs9ls9vjzkkvpzfzilqqis8c-libglvnd-1.7.0/lib/libGL.so.1.7.0
7f7f2a03a000-7f7f2a048000 r--p 0007d000 00:1c 3820899                    /nix/store/bafh2k71bs9ls9vjzkkvpzfzilqqis8c-libglvnd-1.7.0/lib/libGL.so.1.7.0
7f7f2a048000-7f7f2a049000 rw-p 0008b000 00:1c 3820899                    /nix/store/bafh2k71bs9ls9vjzkkvpzfzilqqis8c-libglvnd-1.7.0/lib/libGL.so.1.7.0
7f7f2a049000-7f7f2a04a000 rw-p 00000000 00:00 0 
7f7f2a04a000-7f7f2a0b6000 r--p 00000000 00:1c 4171820                    /nix/store/3isdzr31hzr2ln8iby6x6yiqn7n5zz07-glew-2.2.0/lib/libGLEW.so.2.2.0
7f7f2a0b6000-7f7f2a10e000 r-xp 0006c000 00:1c 4171820                    /nix/store/3isdzr31hzr2ln8iby6x6yiqn7n5zz07-glew-2.2.0/lib/libGLEW.so.2.2.0
7f7f2a10e000-7f7f2a129000 r--p 000c4000 00:1c 4171820                    /nix/store/3isdzr31hzr2ln8iby6x6yiqn7n5zz07-glew-2.2.0/lib/libGLEW.so.2.2.0
7f7f2a129000-7f7f2a136000 r--p 000de000 00:1c 4171820                    /nix/store/3isdzr31hzr2ln8iby6x6yiqn7n5zz07-glew-2.2.0/lib/libGLEW.so.2.2.0
7f7f2a136000-7f7f2a137000 rw-p 000eb000 00:1c 4171820                    /nix/store/3isdzr31hzr2ln8iby6x6yiqn7n5zz07-glew-2.2.0/lib/libGLEW.so.2.2.0
7f7f2a137000-7f7f2a13d000 rw-p 00000000 00:00 0 
7f7f2a13d000-7f7f2a167000 r--p 00000000 00:1c 20853                      /tmp/arc/b5d7d527/libarc64.so
7f7f2a167000-7f7f2a1fb000 r-xp 0002a000 00:1c 20853                      /tmp/arc/b5d7d527/libarc64.so
7f7f2a1fb000-7f7f2a222000 r--p 000be000 00:1c 20853                      /tmp/arc/b5d7d527/libarc64.so
7f7f2a222000-7f7f2a226000 r--p 000e4000 00:1c 20853                      /tmp/arc/b5d7d527/libarc64.so
7f7f2a226000-7f7f2a229000 rw-p 000e8000 00:1c 20853                      /tmp/arc/b5d7d527/libarc64.so
7f7f2a229000-7f7f2a22c000 rw-p 00000000 00:00 0 
7f7f2a22c000-7f7f2a230000 ---p 00000000 00:00 0 
7f7f2a230000-7f7f2a32c000 rw-p 00000000 00:00 0 
7f7f2a32c000-7f7f2a330000 ---p 00000000 00:00 0 
7f7f2a330000-7f7f2a52d000 rw-p 00000000 00:00 0 
7f7f2a52d000-7f7f2a531000 ---p 00000000 00:00 0 
7f7f2a531000-7f7f2a62d000 rw-p 00000000 00:00 0 
7f7f2a62d000-7f7f2a631000 ---p 00000000 00:00 0 
7f7f2a631000-7f7f2a72d000 rw-p 00000000 00:00 0 
7f7f2a72d000-7f7f2a731000 ---p 00000000 00:00 0 
7f7f2a731000-7f7f2a82d000 rw-p 00000000 00:00 0 
7f7f2a82d000-7f7f2a831000 ---p 00000000 00:00 0 
7f7f2a831000-7f7f2a92d000 rw-p 00000000 00:00 0 
7f7f2a92d000-7f7f2a931000 ---p 00000000 00:00 0 
7f7f2a931000-7f7f2aa2d000 rw-p 00000000 00:00 0 
7f7f2aa2d000-7f7f2aa31000 ---p 00000000 00:00 0 
7f7f2aa31000-7f7f2ab2d000 rw-p 00000000 00:00 0 
7f7f2ab2d000-7f7f2ab31000 ---p 00000000 00:00 0 
7f7f2ab31000-7f7f2ac2d000 rw-p 00000000 00:00 0 
7f7f2ac2d000-7f7f2ac31000 ---p 00000000 00:00 0 
7f7f2ac31000-7f7f2ad2d000 rw-p 00000000 00:00 0 
7f7f2ad2d000-7f7f2ad31000 ---p 00000000 00:00 0 
7f7f2ad31000-7f7f2af2e000 rw-p 00000000 00:00 0 
7f7f2af2e000-7f7f2af34000 r--p 00000000 00:1c 4840257                    /nix/store/3xf2cjni3xqn10xnsa0cyvjmnd8sqg7b-openjdk-17.0.18+8/lib/openjdk/lib/libjsvml.so
7f7f2af34000-7f7f2af75000 r-xp 00006000 00:1c 4840257                    /nix/store/3xf2cjni3xqn10xnsa0cyvjmnd8sqg7b-openjdk-17.0.18+8/lib/openjdk/lib/libjsvml.so
7f7f2af75000-7f7f2affe000 r--p 00047000 00:1c 4840257                    /nix/store/3xf2cjni3xqn10xnsa0cyvjmnd8sqg7b-openjdk-17.0.18+8/lib/openjdk/lib/libjsvml.so
7f7f2affe000-7f7f2afff000 r--p 000cf000 00:1c 4840257                    /nix/store/3xf2cjni3xqn10xnsa0cyvjmnd8sqg7b-openjdk-17.0.18+8/lib/openjdk/lib/libjsvml.so
7f7f2afff000-7f7f2b000000 rw-p 000d0000 00:1c 4840257                    /nix/store/3xf2cjni3xqn10xnsa0cyvjmnd8sqg7b-openjdk-17.0.18+8/lib/openjdk/lib/libjsvml.so
7f7f2b000000-7f7f2b150000 rw-p 00000000 00:00 0 
7f7f2b150000-7f7f2b400000 ---p 00000000 00:00 0 
7f7f2b400000-7f7f2b580000 rw-p 00000000 00:00 0 
7f7f2b580000-7f7f2f000000 ---p 00000000 00:00 0 
7f7f2f000000-7f7f2fbc7000 rw-p 00001000 00:1c 4840290                    /nix/store/3xf2cjni3xqn10xnsa0cyvjmnd8sqg7b-openjdk-17.0.18+8/lib/openjdk/lib/server/classes.jsa
7f7f2fbc7000-7f7f30000000 ---p 00000000 00:00 0 
7f7f30000000-7f7f30030000 rw-p 00000000 00:00 0 
7f7f30030000-7f7f30040000 ---p 00000000 00:00 0 
7f7f30040000-7f7f30060000 rw-p 00000000 00:00 0 
7f7f30060000-7f7f70000000 ---p 00000000 00:00 0 
7f7f70000000-7f7f70021000 rw-p 00000000 00:00 0 
7f7f70021000-7f7f74000000 ---p 00000000 00:00 0 
7f7f74000000-7f7f74021000 rw-p 00000000 00:00 0 
7f7f74021000-7f7f78000000 ---p 00000000 00:00 0 
7f7f78000000-7f7f78021000 rw-p 00000000 00:00 0 
7f7f78021000-7f7f7c000000 ---p 00000000 00:00 0 
7f7f7c000000-7f7f7c021000 rw-p 00000000 00:00 0 
7f7f7c021000-7f7f80000000 ---p 00000000 00:00 0 
7f7f80000000-7f7f80021000 rw-p 00000000 00:00 0 
7f7f80021000-7f7f84000000 ---p 00000000 00:00 0 
7f7f84002000-7f7f84004000 r--p 00000000 00:1c 3821052                    /nix/store/5rmzsbhn6dqlddjq598fj2zqpgxcqjm1-libxxf86vm-1.1.6/lib/libXxf86vm.so.1.0.0
7f7f84004000-7f7f84007000 r-xp 00002000 00:1c 3821052                    /nix/store/5rmzsbhn6dqlddjq598fj2zqpgxcqjm1-libxxf86vm-1.1.6/lib/libXxf86vm.so.1.0.0
7f7f84007000-7f7f84008000 r--p 00005000 00:1c 3821052                    /nix/store/5rmzsbhn6dqlddjq598fj2zqpgxcqjm1-libxxf86vm-1.1.6/lib/libXxf86vm.so.1.0.0
7f7f84008000-7f7f84009000 r--p 00005000 00:1c 3821052                    /nix/store/5rmzsbhn6dqlddjq598fj2zqpgxcqjm1-libxxf86vm-1.1.6/lib/libXxf86vm.so.1.0.0
7f7f84009000-7f7f8400a000 rw-p 00006000 00:1c 3821052                    /nix/store/5rmzsbhn6dqlddjq598fj2zqpgxcqjm1-libxxf86vm-1.1.6/lib/libXxf86vm.so.1.0.0
7f7f8400a000-7f7f8400e000 r--p 00000000 00:1c 4177026                    /nix/store/1mcyspf44w0nn5i8dk7rcabgaczgwkaw-libdecor-0.2.5/lib/libdecor-0.so.0.200.5
7f7f8400e000-7f7f84011000 r-xp 00004000 00:1c 4177026                    /nix/store/1mcyspf44w0nn5i8dk7rcabgaczgwkaw-libdecor-0.2.5/lib/libdecor-0.so.0.200.5
7f7f84011000-7f7f84013000 r--p 00007000 00:1c 4177026                    /nix/store/1mcyspf44w0nn5i8dk7rcabgaczgwkaw-libdecor-0.2.5/lib/libdecor-0.so.0.200.5
7f7f84013000-7f7f84014000 r--p 00008000 00:1c 4177026                    /nix/store/1mcyspf44w0nn5i8dk7rcabgaczgwkaw-libdecor-0.2.5/lib/libdecor-0.so.0.200.5
7f7f84014000-7f7f84015000 rw-p 00009000 00:1c 4177026                    /nix/store/1mcyspf44w0nn5i8dk7rcabgaczgwkaw-libdecor-0.2.5/lib/libdecor-0.so.0.200.5
7f7f84015000-7f7f84018000 r--p 00000000 00:1c 3821171                    /nix/store/bafh2k71bs9ls9vjzkkvpzfzilqqis8c-libglvnd-1.7.0/lib/libGLX.so.0.0.0
7f7f84018000-7f7f84033000 r-xp 00003000 00:1c 3821171                    /nix/store/bafh2k71bs9ls9vjzkkvpzfzilqqis8c-libglvnd-1.7.0/lib/libGLX.so.0.0.0
7f7f84033000-7f7f84036000 r--p 0001e000 00:1c 3821171                    /nix/store/bafh2k71bs9ls9vjzkkvpzfzilqqis8c-libglvnd-1.7.0/lib/libGLX.so.0.0.0
7f7f84036000-7f7f84037000 r--p 00020000 00:1c 3821171                    /nix/store/bafh2k71bs9ls9vjzkkvpzfzilqqis8c-libglvnd-1.7.0/lib/libGLX.so.0.0.0
7f7f84037000-7f7f84038000 rw-p 00021000 00:1c 3821171                    /nix/store/bafh2k71bs9ls9vjzkkvpzfzilqqis8c-libglvnd-1.7.0/lib/libGLX.so.0.0.0
7f7f84038000-7f7f84048000 rw-p 00000000 00:00 0 
7f7f84048000-7f7f84049000 rw-p 00056000 00:1c 3821171                    /nix/store/bafh2k71bs9ls9vjzkkvpzfzilqqis8c-libglvnd-1.7.0/lib/libGLX.so.0.0.0
7f7f84049000-7f7f84060000 r--p 00000000 00:1c 3821400                    /nix/store/bafh2k71bs9ls9vjzkkvpzfzilqqis8c-libglvnd-1.7.0/lib/libOpenGL.so.0.0.0
7f7f84060000-7f7f8406b000 r-xp 00017000 00:1c 3821400                    /nix/store/bafh2k71bs9ls9vjzkkvpzfzilqqis8c-libglvnd-1.7.0/lib/libOpenGL.so.0.0.0
7f7f8406b000-7f7f84070000 r--p 00022000 00:1c 3821400                    /nix/store/bafh2k71bs9ls9vjzkkvpzfzilqqis8c-libglvnd-1.7.0/lib/libOpenGL.so.0.0.0
7f7f84070000-7f7f84075000 r--p 00027000 00:1c 3821400                    /nix/store/bafh2k71bs9ls9vjzkkvpzfzilqqis8c-libglvnd-1.7.0/lib/libOpenGL.so.0.0.0
7f7f84075000-7f7f84076000 rw-p 0002c000 00:1c 3821400                    /nix/store/bafh2k71bs9ls9vjzkkvpzfzilqqis8c-libglvnd-1.7.0/lib/libOpenGL.so.0.0.0
7f7f84076000-7f7f840f7000 rw-p 00000000 00:00 0 
7f7f840f7000-7f7f842f9000 rw-p 00000000 00:00 0 
7f7f842f9000-7f7f86a00000 rw-p 00000000 00:00 0 
7f7f86a01000-7f7f86a02000 r--p 00000000 00:1c 3931428                    /nix/store/z8pz8hz2psggqsws4n7mzbbdghpcxm71-pipewire-1.4.9/lib/spa-0.2/support/libspa-journal.so
7f7f86a02000-7f7f86a04000 r-xp 00001000 00:1c 3931428                    /nix/store/z8pz8hz2psggqsws4n7mzbbdghpcxm71-pipewire-1.4.9/lib/spa-0.2/support/libspa-journal.so
7f7f86a04000-7f7f86a05000 r--p 00003000 00:1c 3931428                    /nix/store/z8pz8hz2psggqsws4n7mzbbdghpcxm71-pipewire-1.4.9/lib/spa-0.2/support/libspa-journal.so
7f7f86a05000-7f7f86a06000 r--p 00003000 00:1c 3931428                    /nix/store/z8pz8hz2psggqsws4n7mzbbdghpcxm71-pipewire-1.4.9/lib/spa-0.2/support/libspa-journal.so
7f7f86a06000-7f7f86a07000 rw-p 00004000 00:1c 3931428                    /nix/store/z8pz8hz2psggqsws4n7mzbbdghpcxm71-pipewire-1.4.9/lib/spa-0.2/support/libspa-journal.so
7f7f86a07000-7f7f86a1f000 r--p 00000000 00:1c 4246089                    /nix/store/rl4az5h05v9qzbd9cfarxz2nsn57981i-sdl2-compat-2.32.62/lib/libSDL2-2.0.so.0.3200.62
7f7f86a1f000-7f7f86a52000 r-xp 00018000 00:1c 4246089                    /nix/store/rl4az5h05v9qzbd9cfarxz2nsn57981i-sdl2-compat-2.32.62/lib/libSDL2-2.0.so.0.3200.62
7f7f86a52000-7f7f86a71000 r--p 0004b000 00:1c 4246089                    /nix/store/rl4az5h05v9qzbd9cfarxz2nsn57981i-sdl2-compat-2.32.62/lib/libSDL2-2.0.so.0.3200.62
7f7f86a71000-7f7f86a74000 r--p 00069000 00:1c 4246089                    /nix/store/rl4az5h05v9qzbd9cfarxz2nsn57981i-sdl2-compat-2.32.62/lib/libSDL2-2.0.so.0.3200.62
7f7f86a74000-7f7f86a76000 rw-p 0006c000 00:1c 4246089                    /nix/store/rl4az5h05v9qzbd9cfarxz2nsn57981i-sdl2-compat-2.32.62/lib/libSDL2-2.0.so.0.3200.62
7f7f86a76000-7f7f872b4000 rw-p 00000000 00:00 0 
7f7f872b4000-7f7f8e7d4000 ---p 00000000 00:00 0 
7f7f8e7d4000-7f7f8efd4000 rw-p 00000000 00:00 0 
7f7f8efd4000-7f7f964f4000 ---p 00000000 00:00 0 
7f7f964f4000-7f7f96610000 rw-p 00000000 00:00 0 
7f7f96610000-7f7f974b4000 ---p 00000000 00:00 0 
7f7f974b4000-7f7f975b4000 rw-p 00000000 00:00 0 
7f7f975b4000-7f7f98458000 ---p 00000000 00:00 0 
7f7f98458000-7f7f98558000 rw-p 00000000 00:00 0 
7f7f98558000-7f7f993fc000 ---p 00000000 00:00 0 
7f7f993fc000-7f7f99400000 rw-p 00000000 00:00 0 
7f7f99400000-7f7f99670000 rwxp 00000000 00:00 0 
7f7f99670000-7f7fa0937000 ---p 00000000 00:00 0 
7f7fa0937000-7f7fa0ba7000 rwxp 00000000 00:00 0 
7f7fa0ba7000-7f7fa0ec9000 ---p 00000000 00:00 0 
7f7fa0ec9000-7f7fa1139000 rwxp 00000000 00:00 0 
7f7fa1139000-7f7fa8400000 ---p 00000000 00:00 0 
7f7fa8400000-7f7faffd0000 r--s 00000000 00:1c 4840275                    /nix/store/3xf2cjni3xqn10xnsa0cyvjmnd8sqg7b-openjdk-17.0.18+8/lib/openjdk/lib/modules
7f7faffd0000-7f7faffd1000 r--p 00000000 00:1c 3816830                    /nix/store/0iwk3dvbzgdhd05zxys60n0ba413kcxn-libx11-1.8.12/lib/libX11-xcb.so.1.0.0
7f7faffd1000-7f7faffd2000 r-xp 00001000 00:1c 3816830                    /nix/store/0iwk3dvbzgdhd05zxys60n0ba413kcxn-libx11-1.8.12/lib/libX11-xcb.so.1.0.0
7f7faffd2000-7f7faffd3000 r--p 00002000 00:1c 3816830                    /nix/store/0iwk3dvbzgdhd05zxys60n0ba413kcxn-libx11-1.8.12/lib/libX11-xcb.so.1.0.0
7f7faffd3000-7f7faffd4000 r--p 00002000 00:1c 3816830                    /nix/store/0iwk3dvbzgdhd05zxys60n0ba413kcxn-libx11-1.8.12/lib/libX11-xcb.so.1.0.0
7f7faffd4000-7f7faffd5000 rw-p 00003000 00:1c 3816830                    /nix/store/0iwk3dvbzgdhd05zxys60n0ba413kcxn-libx11-1.8.12/lib/libX11-xcb.so.1.0.0
7f7faffd5000-7f7faffe1000 r--p 00000000 00:1c 20855                      /tmp/arc/b331ee58/libsdl-arc64.so
7f7faffe1000-7f7faffe6000 r-xp 0000c000 00:1c 20855                      /tmp/arc/b331ee58/libsdl-arc64.so
7f7faffe6000-7f7faffe9000 r--p 00011000 00:1c 20855                      /tmp/arc/b331ee58/libsdl-arc64.so
7f7faffe9000-7f7faffea000 r--p 00014000 00:1c 20855                      /tmp/arc/b331ee58/libsdl-arc64.so
7f7faffea000-7f7fafff2000 rw-p 00015000 00:1c 20855                      /tmp/arc/b331ee58/libsdl-arc64.so
7f7fafff2000-7f7fafff5000 r--p 00000000 00:1c 4840274                    /nix/store/3xf2cjni3xqn10xnsa0cyvjmnd8sqg7b-openjdk-17.0.18+8/lib/openjdk/lib/libzip.so
7f7fafff5000-7f7fafffa000 r-xp 00003000 00:1c 4840274                    /nix/store/3xf2cjni3xqn10xnsa0cyvjmnd8sqg7b-openjdk-17.0.18+8/lib/openjdk/lib/libzip.so
7f7fafffa000-7f7fafffc000 r--p 00008000 00:1c 4840274                    /nix/store/3xf2cjni3xqn10xnsa0cyvjmnd8sqg7b-openjdk-17.0.18+8/lib/openjdk/lib/libzip.so
7f7fafffc000-7f7fafffd000 r--p 00009000 00:1c 4840274                    /nix/store/3xf2cjni3xqn10xnsa0cyvjmnd8sqg7b-openjdk-17.0.18+8/lib/openjdk/lib/libzip.so
7f7fafffd000-7f7fafffe000 rw-p 0000a000 00:1c 4840274                    /nix/store/3xf2cjni3xqn10xnsa0cyvjmnd8sqg7b-openjdk-17.0.18+8/lib/openjdk/lib/libzip.so
7f7fafffe000-7f7fb0000000 rw-p 0000d000 00:1c 4840274                    /nix/store/3xf2cjni3xqn10xnsa0cyvjmnd8sqg7b-openjdk-17.0.18+8/lib/openjdk/lib/libzip.so
7f7fb0000000-7f7fb08d0000 rw-p 00000000 00:00 0 
7f7fb08d0000-7f7fb4000000 ---p 00000000 00:00 0 
7f7fb4003000-7f7fb4004000 rw-s 00000000 00:01 4831                       /memfd:xshmfence (deleted)
7f7fb4004000-7f7fb4006000 r--p 00000000 00:1c 3835701                    /nix/store/cnp44ylrdkrnyiq28hk54k3vjwwdf25c-mesa-libgbm-25.1.0/lib/libgbm.so.1.0.0
7f7fb4006000-7f7fb4008000 r-xp 00002000 00:1c 3835701                    /nix/store/cnp44ylrdkrnyiq28hk54k3vjwwdf25c-mesa-libgbm-25.1.0/lib/libgbm.so.1.0.0
7f7fb4008000-7f7fb4009000 r--p 00004000 00:1c 3835701                    /nix/store/cnp44ylrdkrnyiq28hk54k3vjwwdf25c-mesa-libgbm-25.1.0/lib/libgbm.so.1.0.0
7f7fb4009000-7f7fb400a000 r--p 00004000 00:1c 3835701                    /nix/store/cnp44ylrdkrnyiq28hk54k3vjwwdf25c-mesa-libgbm-25.1.0/lib/libgbm.so.1.0.0
7f7fb400a000-7f7fb400b000 rw-p 00005000 00:1c 3835701                    /nix/store/cnp44ylrdkrnyiq28hk54k3vjwwdf25c-mesa-libgbm-25.1.0/lib/libgbm.so.1.0.0
7f7fb400b000-7f7fb404c000 rw-p 00000000 00:00 0 
7f7fb404c000-7f7fb4051000 r--p 00000000 00:1c 4840264                    /nix/store/3xf2cjni3xqn10xnsa0cyvjmnd8sqg7b-openjdk-17.0.18+8/lib/openjdk/lib/libnet.so
7f7fb4051000-7f7fb4060000 r-xp 00005000 00:1c 4840264                    /nix/store/3xf2cjni3xqn10xnsa0cyvjmnd8sqg7b-openjdk-17.0.18+8/lib/openjdk/lib/libnet.so
7f7fb4060000-7f7fb4064000 r--p 00014000 00:1c 4840264                    /nix/store/3xf2cjni3xqn10xnsa0cyvjmnd8sqg7b-openjdk-17.0.18+8/lib/openjdk/lib/libnet.so
7f7fb4064000-7f7fb4065000 r--p 00017000 00:1c 4840264                    /nix/store/3xf2cjni3xqn10xnsa0cyvjmnd8sqg7b-openjdk-17.0.18+8/lib/openjdk/lib/libnet.so
7f7fb4065000-7f7fb4066000 rw-p 00018000 00:1c 4840264                    /nix/store/3xf2cjni3xqn10xnsa0cyvjmnd8sqg7b-openjdk-17.0.18+8/lib/openjdk/lib/libnet.so
7f7fb4066000-7f7fb4068000 rw-p 0001d000 00:1c 4840264                    /nix/store/3xf2cjni3xqn10xnsa0cyvjmnd8sqg7b-openjdk-17.0.18+8/lib/openjdk/lib/libnet.so
7f7fb4068000-7f7fb4070000 r--p 00000000 00:1c 4840265                    /nix/store/3xf2cjni3xqn10xnsa0cyvjmnd8sqg7b-openjdk-17.0.18+8/lib/openjdk/lib/libnio.so
7f7fb4070000-7f7fb4079000 r-xp 00008000 00:1c 4840265                    /nix/store/3xf2cjni3xqn10xnsa0cyvjmnd8sqg7b-openjdk-17.0.18+8/lib/openjdk/lib/libnio.so
7f7fb4079000-7f7fb407d000 r--p 00011000 00:1c 4840265                    /nix/store/3xf2cjni3xqn10xnsa0cyvjmnd8sqg7b-openjdk-17.0.18+8/lib/openjdk/lib/libnio.so
7f7fb407d000-7f7fb407e000 r--p 00015000 00:1c 4840265                    /nix/store/3xf2cjni3xqn10xnsa0cyvjmnd8sqg7b-openjdk-17.0.18+8/lib/openjdk/lib/libnio.so
7f7fb407e000-7f7fb407f000 rw-p 00016000 00:1c 4840265                    /nix/store/3xf2cjni3xqn10xnsa0cyvjmnd8sqg7b-openjdk-17.0.18+8/lib/openjdk/lib/libnio.so
7f7fb407f000-7f7fb4083000 rw-p 0001c000 00:1c 4840265                    /nix/store/3xf2cjni3xqn10xnsa0cyvjmnd8sqg7b-openjdk-17.0.18+8/lib/openjdk/lib/libnio.so
7f7fb4083000-7f7fb4386000 rw-p 00000000 00:00 0 
7f7fb4386000-7f7fb4689000 rw-p 00000000 00:00 0 
7f7fb4689000-7f7fb511a000 rw-p 00000000 00:00 0 
7f7fb511a000-7f7fb5200000 ---p 00000000 00:00 0 
7f7fb5200000-7f7fb52aa000 r--p 00000000 00:1c 3772661                    /nix/store/j2kgllgds4w7na8zqv1msi0mpvpjxda8-gcc-15.2.0-lib/lib/libstdc++.so.6.0.34
7f7fb52aa000-7f7fb53de000 r-xp 000aa000 00:1c 3772661                    /nix/store/j2kgllgds4w7na8zqv1msi0mpvpjxda8-gcc-15.2.0-lib/lib/libstdc++.so.6.0.34
7f7fb53de000-7f7fb546c000 r--p 001de000 00:1c 3772661                    /nix/store/j2kgllgds4w7na8zqv1msi0mpvpjxda8-gcc-15.2.0-lib/lib/libstdc++.so.6.0.34
7f7fb546c000-7f7fb547d000 r--p 0026b000 00:1c 3772661                    /nix/store/j2kgllgds4w7na8zqv1msi0mpvpjxda8-gcc-15.2.0-lib/lib/libstdc++.so.6.0.34
7f7fb547d000-7f7fb547e000 rw-p 0027c000 00:1c 3772661                    /nix/store/j2kgllgds4w7na8zqv1msi0mpvpjxda8-gcc-15.2.0-lib/lib/libstdc++.so.6.0.34
7f7fb547e000-7f7fb5482000 rw-p 00000000 00:00 0 
7f7fb5482000-7f7fb5483000 rw-s 00000000 00:01 4829                       /memfd:xshmfence (deleted)
7f7fb5483000-7f7fb5485000 r--p 00000000 00:1c 3821090                    /nix/store/fn1mml3gx70avmngk9yj014yaygw4j8i-libxtst-1.2.5/lib/libXtst.so.6.1.0
7f7fb5485000-7f7fb5488000 r-xp 00002000 00:1c 3821090                    /nix/store/fn1mml3gx70avmngk9yj014yaygw4j8i-libxtst-1.2.5/lib/libXtst.so.6.1.0
7f7fb5488000-7f7fb5489000 r--p 00005000 00:1c 3821090                    /nix/store/fn1mml3gx70avmngk9yj014yaygw4j8i-libxtst-1.2.5/lib/libXtst.so.6.1.0
7f7fb5489000-7f7fb548a000 r--p 00005000 00:1c 3821090                    /nix/store/fn1mml3gx70avmngk9yj014yaygw4j8i-libxtst-1.2.5/lib/libXtst.so.6.1.0
7f7fb548a000-7f7fb548b000 rw-p 00006000 00:1c 3821090                    /nix/store/fn1mml3gx70avmngk9yj014yaygw4j8i-libxtst-1.2.5/lib/libXtst.so.6.1.0
7f7fb548b000-7f7fb550e000 rw-p 00000000 00:00 0 
7f7fb550e000-7f7fb55f4000 ---p 00000000 00:00 0 
7f7fb55f4000-7f7fb55f9000 rw-p 00000000 00:00 0 
7f7fb55f9000-7f7fb5600000 ---p 00000000 00:00 0 
7f7fb5600000-7f7fb5855000 r--p 00000000 00:1c 4840294                    /nix/store/3xf2cjni3xqn10xnsa0cyvjmnd8sqg7b-openjdk-17.0.18+8/lib/openjdk/lib/server/libjvm.so
7f7fb5855000-7f7fb664a000 r-xp 00255000 00:1c 4840294                    /nix/store/3xf2cjni3xqn10xnsa0cyvjmnd8sqg7b-openjdk-17.0.18+8/lib/openjdk/lib/server/libjvm.so
7f7fb664a000-7f7fb68c6000 r--p 0104a000 00:1c 4840294                    /nix/store/3xf2cjni3xqn10xnsa0cyvjmnd8sqg7b-openjdk-17.0.18+8/lib/openjdk/lib/server/libjvm.so
7f7fb68c6000-7f7fb6980000 r--p 012c5000 00:1c 4840294                    /nix/store/3xf2cjni3xqn10xnsa0cyvjmnd8sqg7b-openjdk-17.0.18+8/lib/openjdk/lib/server/libjvm.so
7f7fb6980000-7f7fb69b5000 rw-p 0137f000 00:1c 4840294                    /nix/store/3xf2cjni3xqn10xnsa0cyvjmnd8sqg7b-openjdk-17.0.18+8/lib/openjdk/lib/server/libjvm.so
7f7fb69b5000-7f7fb6a10000 rw-p 00000000 00:00 0 
7f7fb6a10000-7f7fb6a14000 rw-p 01795000 00:1c 4840294                    /nix/store/3xf2cjni3xqn10xnsa0cyvjmnd8sqg7b-openjdk-17.0.18+8/lib/openjdk/lib/server/libjvm.so
7f7fb6a14000-7f7fb6a15000 rw-s 00000000 00:01 4827                       /memfd:xshmfence (deleted)
7f7fb6a15000-7f7fb6a16000 rw-s 00000000 00:01 9593                       /memfd:lp_dma_buf (deleted)
7f7fb6a16000-7f7fb6a17000 r--p 00000000 00:1c 4219897                    /nix/store/x06gn1rsbczks46mi2v1w0pyv574dx0v-libxscrnsaver-1.2.5/lib/libXss.so.1.0.0
7f7fb6a17000-7f7fb6a18000 r-xp 00001000 00:1c 4219897                    /nix/store/x06gn1rsbczks46mi2v1w0pyv574dx0v-libxscrnsaver-1.2.5/lib/libXss.so.1.0.0
7f7fb6a18000-7f7fb6a19000 r--p 00002000 00:1c 4219897                    /nix/store/x06gn1rsbczks46mi2v1w0pyv574dx0v-libxscrnsaver-1.2.5/lib/libXss.so.1.0.0
7f7fb6a19000-7f7fb6a1a000 r--p 00002000 00:1c 4219897                    /nix/store/x06gn1rsbczks46mi2v1w0pyv574dx0v-libxscrnsaver-1.2.5/lib/libXss.so.1.0.0
7f7fb6a1a000-7f7fb6a1b000 rw-p 00003000 00:1c 4219897                    /nix/store/x06gn1rsbczks46mi2v1w0pyv574dx0v-libxscrnsaver-1.2.5/lib/libXss.so.1.0.0
7f7fb6a1b000-7f7fb6a29000 r--p 00000000 00:1c 4840245                    /nix/store/3xf2cjni3xqn10xnsa0cyvjmnd8sqg7b-openjdk-17.0.18+8/lib/openjdk/lib/libjava.so
7f7fb6a29000-7f7fb6a3c000 r-xp 0000e000 00:1c 4840245                    /nix/store/3xf2cjni3xqn10xnsa0cyvjmnd8sqg7b-openjdk-17.0.18+8/lib/openjdk/lib/libjava.so
7f7fb6a3c000-7f7fb6a42000 r--p 00021000 00:1c 4840245                    /nix/store/3xf2cjni3xqn10xnsa0cyvjmnd8sqg7b-openjdk-17.0.18+8/lib/openjdk/lib/libjava.so
7f7fb6a42000-7f7fb6a43000 r--p 00027000 00:1c 4840245                    /nix/store/3xf2cjni3xqn10xnsa0cyvjmnd8sqg7b-openjdk-17.0.18+8/lib/openjdk/lib/libjava.so
7f7fb6a43000-7f7fb6a44000 rw-p 00028000 00:1c 4840245                    /nix/store/3xf2cjni3xqn10xnsa0cyvjmnd8sqg7b-openjdk-17.0.18+8/lib/openjdk/lib/libjava.so
7f7fb6a44000-7f7fb6a45000 rw-p 00000000 00:00 0 
7f7fb6a45000-7f7fb6a4b000 rw-p 00033000 00:1c 4840245                    /nix/store/3xf2cjni3xqn10xnsa0cyvjmnd8sqg7b-openjdk-17.0.18+8/lib/openjdk/lib/libjava.so
7f7fb6a4b000-7f7fb6a53000 rw-s 00000000 00:1c 20850                      /tmp/hsperfdata_inf/10518
7f7fb6a53000-7f7fb6a54000 ---p 00000000 00:00 0 
7f7fb6a54000-7f7fb6a55000 r--p 00000000 00:00 0 
7f7fb6a55000-7f7fb6a56000 ---p 00000000 00:00 0 
7f7fb6a56000-7f7fb6a58000 r--p 00000000 00:1c 4840253                    /nix/store/3xf2cjni3xqn10xnsa0cyvjmnd8sqg7b-openjdk-17.0.18+8/lib/openjdk/lib/libjimage.so
7f7fb6a58000-7f7fb6a5b000 r-xp 00002000 00:1c 4840253                    /nix/store/3xf2cjni3xqn10xnsa0cyvjmnd8sqg7b-openjdk-17.0.18+8/lib/openjdk/lib/libjimage.so
7f7fb6a5b000-7f7fb6a5c000 r--p 00005000 00:1c 4840253                    /nix/store/3xf2cjni3xqn10xnsa0cyvjmnd8sqg7b-openjdk-17.0.18+8/lib/openjdk/lib/libjimage.so
7f7fb6a5c000-7f7fb6a5d000 r--p 00006000 00:1c 4840253                    /nix/store/3xf2cjni3xqn10xnsa0cyvjmnd8sqg7b-openjdk-17.0.18+8/lib/openjdk/lib/libjimage.so
7f7fb6a5d000-7f7fb6a5e000 rw-p 00007000 00:1c 4840253                    /nix/store/3xf2cjni3xqn10xnsa0cyvjmnd8sqg7b-openjdk-17.0.18+8/lib/openjdk/lib/libjimage.so
7f7fb6a5e000-7f7fb6a5f000 rw-p 0000a000 00:1c 4840253                    /nix/store/3xf2cjni3xqn10xnsa0cyvjmnd8sqg7b-openjdk-17.0.18+8/lib/openjdk/lib/libjimage.so
7f7fb6a5f000-7f7fb6a63000 ---p 00000000 00:00 0 
7f7fb6a63000-7f7fb6b5f000 rw-p 00000000 00:00 0 
7f7fb6b5f000-7f7fb6b63000 r--p 00000000 00:1c 420757                     /nix/store/yjmjazfwljzajwq54xlr7vfz77spzr9y-gcc-15.2.0-libgcc/lib/libgcc_s.so.1
7f7fb6b63000-7f7fb6b86000 r-xp 00004000 00:1c 420757                     /nix/store/yjmjazfwljzajwq54xlr7vfz77spzr9y-gcc-15.2.0-libgcc/lib/libgcc_s.so.1
7f7fb6b86000-7f7fb6b8a000 r--p 00027000 00:1c 420757                     /nix/store/yjmjazfwljzajwq54xlr7vfz77spzr9y-gcc-15.2.0-libgcc/lib/libgcc_s.so.1
7f7fb6b8a000-7f7fb6b8b000 r--p 0002b000 00:1c 420757                     /nix/store/yjmjazfwljzajwq54xlr7vfz77spzr9y-gcc-15.2.0-libgcc/lib/libgcc_s.so.1
7f7fb6b8b000-7f7fb6b8c000 rw-p 0002c000 00:1c 420757                     /nix/store/yjmjazfwljzajwq54xlr7vfz77spzr9y-gcc-15.2.0-libgcc/lib/libgcc_s.so.1
7f7fb6b8c000-7f7fb6b8d000 r--p 00000000 00:1c 3757523                    /nix/store/wb6rhpznjfczwlwx23zmdrrw74bayxw4-glibc-2.42-47/lib/librt.so.1
7f7fb6b8d000-7f7fb6b8e000 r-xp 00001000 00:1c 3757523                    /nix/store/wb6rhpznjfczwlwx23zmdrrw74bayxw4-glibc-2.42-47/lib/librt.so.1
7f7fb6b8e000-7f7fb6b8f000 r--p 00002000 00:1c 3757523                    /nix/store/wb6rhpznjfczwlwx23zmdrrw74bayxw4-glibc-2.42-47/lib/librt.so.1
7f7fb6b8f000-7f7fb6b90000 r--p 00002000 00:1c 3757523                    /nix/store/wb6rhpznjfczwlwx23zmdrrw74bayxw4-glibc-2.42-47/lib/librt.so.1
7f7fb6b90000-7f7fb6b91000 rw-p 00003000 00:1c 3757523                    /nix/store/wb6rhpznjfczwlwx23zmdrrw74bayxw4-glibc-2.42-47/lib/librt.so.1
7f7fb6b91000-7f7fb6b9a000 rw-p 00000000 00:00 0 
7f7fb6b9a000-7f7fb6b9d000 r--p 00000000 00:1c 3777302                    /nix/store/dlv50v62v4zm9ssjpl76q1s20rdv1wa9-libcap-2.77-lib/lib/libcap.so.2.77
7f7fb6b9d000-7f7fb6ba3000 r-xp 00003000 00:1c 3777302                    /nix/store/dlv50v62v4zm9ssjpl76q1s20rdv1wa9-libcap-2.77-lib/lib/libcap.so.2.77
7f7fb6ba3000-7f7fb6ba5000 r--p 00009000 00:1c 3777302                    /nix/store/dlv50v62v4zm9ssjpl76q1s20rdv1wa9-libcap-2.77-lib/lib/libcap.so.2.77
7f7fb6ba5000-7f7fb6ba6000 r--p 0000a000 00:1c 3777302                    /nix/store/dlv50v62v4zm9ssjpl76q1s20rdv1wa9-libcap-2.77-lib/lib/libcap.so.2.77
7f7fb6ba6000-7f7fb6ba7000 rw-p 0000b000 00:1c 3777302                    /nix/store/dlv50v62v4zm9ssjpl76q1s20rdv1wa9-libcap-2.77-lib/lib/libcap.so.2.77
7f7fb6ba7000-7f7fb6ba9000 r--p 00000000 00:1c 3778217                    /nix/store/lwihy5wz798cagh9yxxw9lydfbfa1ihw-libdatrie-2019-12-20-lib/lib/libdatrie.so.1.3.5
7f7fb6ba9000-7f7fb6bad000 r-xp 00002000 00:1c 3778217                    /nix/store/lwihy5wz798cagh9yxxw9lydfbfa1ihw-libdatrie-2019-12-20-lib/lib/libdatrie.so.1.3.5
7f7fb6bad000-7f7fb6baf000 r--p 00006000 00:1c 3778217                    /nix/store/lwihy5wz798cagh9yxxw9lydfbfa1ihw-libdatrie-2019-12-20-lib/lib/libdatrie.so.1.3.5
7f7fb6baf000-7f7fb6bb0000 r--p 00007000 00:1c 3778217                    /nix/store/lwihy5wz798cagh9yxxw9lydfbfa1ihw-libdatrie-2019-12-20-lib/lib/libdatrie.so.1.3.5
7f7fb6bb0000-7f7fb6bb1000 rw-p 00008000 00:1c 3778217                    /nix/store/lwihy5wz798cagh9yxxw9lydfbfa1ihw-libdatrie-2019-12-20-lib/lib/libdatrie.so.1.3.5
7f7fb6bb1000-7f7fb6bb3000 rw-p 00000000 00:00 0 
7f7fb6bb3000-7f7fb6bb5000 r--p 00000000 00:1c 3815916                    /nix/store/zynxxzvp6pjbvhdyynj2my0c25djarpb-libxdmcp-1.1.5/lib/libXdmcp.so.6.0.0
7f7fb6bb5000-7f7fb6bb7000 r-xp 00002000 00:1c 3815916                    /nix/store/zynxxzvp6pjbvhdyynj2my0c25djarpb-libxdmcp-1.1.5/lib/libXdmcp.so.6.0.0
7f7fb6bb7000-7f7fb6bb9000 r--p 00004000 00:1c 3815916                    /nix/store/zynxxzvp6pjbvhdyynj2my0c25djarpb-libxdmcp-1.1.5/lib/libXdmcp.so.6.0.0
7f7fb6bb9000-7f7fb6bba000 r--p 00005000 00:1c 3815916                    /nix/store/zynxxzvp6pjbvhdyynj2my0c25djarpb-libxdmcp-1.1.5/lib/libXdmcp.so.6.0.0
7f7fb6bba000-7f7fb6bbb000 rw-p 00006000 00:1c 3815916                    /nix/store/zynxxzvp6pjbvhdyynj2my0c25djarpb-libxdmcp-1.1.5/lib/libXdmcp.so.6.0.0
7f7fb6bbb000-7f7fb6bbc000 r--p 00000000 00:1c 3815939                    /nix/store/lyzx1sjycvj94jni888r1hcywglz4g17-libxau-1.0.12/lib/libXau.so.6.0.0
7f7fb6bbc000-7f7fb6bbe000 r-xp 00001000 00:1c 3815939                    /nix/store/lyzx1sjycvj94jni888r1hcywglz4g17-libxau-1.0.12/lib/libXau.so.6.0.0
7f7fb6bbe000-7f7fb6bbf000 r--p 00003000 00:1c 3815939                    /nix/store/lyzx1sjycvj94jni888r1hcywglz4g17-libxau-1.0.12/lib/libXau.so.6.0.0
7f7fb6bbf000-7f7fb6bc0000 r--p 00003000 00:1c 3815939                    /nix/store/lyzx1sjycvj94jni888r1hcywglz4g17-libxau-1.0.12/lib/libXau.so.6.0.0
7f7fb6bc0000-7f7fb6bc1000 rw-p 00004000 00:1c 3815939                    /nix/store/lyzx1sjycvj94jni888r1hcywglz4g17-libxau-1.0.12/lib/libXau.so.6.0.0
7f7fb6bc1000-7f7fb6be6000 r--p 00000000 00:1c 3873621                    /nix/store/kna7cma80icar3xwbznwp63fx4602fqq-systemd-minimal-258.3/lib/libsystemd.so.0.41.0
7f7fb6be6000-7f7fb6d3e000 r-xp 00025000 00:1c 3873621                    /nix/store/kna7cma80icar3xwbznwp63fx4602fqq-systemd-minimal-258.3/lib/libsystemd.so.0.41.0
7f7fb6d3e000-7f7fb6dab000 r--p 0017d000 00:1c 3873621                    /nix/store/kna7cma80icar3xwbznwp63fx4602fqq-systemd-minimal-258.3/lib/libsystemd.so.0.41.0
7f7fb6dab000-7f7fb6db7000 r--p 001ea000 00:1c 3873621                    /nix/store/kna7cma80icar3xwbznwp63fx4602fqq-systemd-minimal-258.3/lib/libsystemd.so.0.41.0
7f7fb6db7000-7f7fb6db8000 rw-p 001f6000 00:1c 3873621                    /nix/store/kna7cma80icar3xwbznwp63fx4602fqq-systemd-minimal-258.3/lib/libsystemd.so.0.41.0
7f7fb6db8000-7f7fb6db9000 rw-p 00000000 00:00 0 
7f7fb6db9000-7f7fb6dc3000 r--p 00000000 00:1c 3830573                    /nix/store/8fwg7nzmn4jvyw1r7y1653aiz1gz5d4z-util-linux-minimal-2.41.3-lib/lib/libblkid.so.1.1.0
7f7fb6dc3000-7f7fb6e04000 r-xp 0000a000 00:1c 3830573                    /nix/store/8fwg7nzmn4jvyw1r7y1653aiz1gz5d4z-util-linux-minimal-2.41.3-lib/lib/libblkid.so.1.1.0
7f7fb6e04000-7f7fb6e15000 r--p 0004b000 00:1c 3830573                    /nix/store/8fwg7nzmn4jvyw1r7y1653aiz1gz5d4z-util-linux-minimal-2.41.3-lib/lib/libblkid.so.1.1.0
7f7fb6e15000-7f7fb6e1b000 r--p 0005c000 00:1c 3830573                    /nix/store/8fwg7nzmn4jvyw1r7y1653aiz1gz5d4z-util-linux-minimal-2.41.3-lib/lib/libblkid.so.1.1.0
7f7fb6e1b000-7f7fb6e1c000 rw-p 00062000 00:1c 3830573                    /nix/store/8fwg7nzmn4jvyw1r7y1653aiz1gz5d4z-util-linux-minimal-2.41.3-lib/lib/libblkid.so.1.1.0
7f7fb6e1c000-7f7fb6e1e000 rw-p 00000000 00:00 0 
7f7fb6e1e000-7f7fb6e32000 r--p 00000000 00:1c 3843868                    /nix/store/bn7m7qn8k7b27jy5lkq3bg4vcxnyjpq0-sqlite-3.51.2/lib/libsqlite3.so.3.51.2
7f7fb6e32000-7f7fb6f7f000 r-xp 00014000 00:1c 3843868                    /nix/store/bn7m7qn8k7b27jy5lkq3bg4vcxnyjpq0-sqlite-3.51.2/lib/libsqlite3.so.3.51.2
7f7fb6f7f000-7f7fb6fb2000 r--p 00161000 00:1c 3843868                    /nix/store/bn7m7qn8k7b27jy5lkq3bg4vcxnyjpq0-sqlite-3.51.2/lib/libsqlite3.so.3.51.2
7f7fb6fb2000-7f7fb6fb6000 r--p 00193000 00:1c 3843868                    /nix/store/bn7m7qn8k7b27jy5lkq3bg4vcxnyjpq0-sqlite-3.51.2/lib/libsqlite3.so.3.51.2
7f7fb6fb6000-7f7fb6fbb000 rw-p 00197000 00:1c 3843868                    /nix/store/bn7m7qn8k7b27jy5lkq3bg4vcxnyjpq0-sqlite-3.51.2/lib/libsqlite3.so.3.51.2
7f7fb6fbb000-7f7fb6fe2000 r--p 00000000 00:1c 3816052                    /nix/store/81cfgyhfaadhh0vs4nf74yhcclgbav87-libxml2-2.15.1/lib/libxml2.so.16.1.1
7f7fb6fe2000-7f7fb70b9000 r-xp 00027000 00:1c 3816052                    /nix/store/81cfgyhfaadhh0vs4nf74yhcclgbav87-libxml2-2.15.1/lib/libxml2.so.16.1.1
7f7fb70b9000-7f7fb70f6000 r--p 000fe000 00:1c 3816052                    /nix/store/81cfgyhfaadhh0vs4nf74yhcclgbav87-libxml2-2.15.1/lib/libxml2.so.16.1.1
7f7fb70f6000-7f7fb70ff000 r--p 0013a000 00:1c 3816052                    /nix/store/81cfgyhfaadhh0vs4nf74yhcclgbav87-libxml2-2.15.1/lib/libxml2.so.16.1.1
7f7fb70ff000-7f7fb7100000 rw-p 00143000 00:1c 3816052                    /nix/store/81cfgyhfaadhh0vs4nf74yhcclgbav87-libxml2-2.15.1/lib/libxml2.so.16.1.1
7f7fb7100000-7f7fb7101000 rw-p 00000000 00:00 0 
7f7fb7101000-7f7fb710b000 r--p 00000000 00:1c 3841524                    /nix/store/fpg44ywlmgfrq572v55ajp6x3nfw7phw-json-glib-1.10.8/lib/libjson-glib-1.0.so.0.1000.8
7f7fb710b000-7f7fb7122000 r-xp 0000a000 00:1c 3841524                    /nix/store/fpg44ywlmgfrq572v55ajp6x3nfw7phw-json-glib-1.10.8/lib/libjson-glib-1.0.so.0.1000.8
7f7fb7122000-7f7fb712b000 r--p 00021000 00:1c 3841524                    /nix/store/fpg44ywlmgfrq572v55ajp6x3nfw7phw-json-glib-1.10.8/lib/libjson-glib-1.0.so.0.1000.8
7f7fb712b000-7f7fb712c000 r--p 0002a000 00:1c 3841524                    /nix/store/fpg44ywlmgfrq572v55ajp6x3nfw7phw-json-glib-1.10.8/lib/libjson-glib-1.0.so.0.1000.8
7f7fb712c000-7f7fb712d000 rw-p 0002b000 00:1c 3841524                    /nix/store/fpg44ywlmgfrq572v55ajp6x3nfw7phw-json-glib-1.10.8/lib/libjson-glib-1.0.so.0.1000.8
7f7fb712d000-7f7fb7140000 r--p 00000000 00:1c 3882805                    /nix/store/njkxckivma0x8j25pkm990z0vi0v4wdc-at-spi2-core-2.58.2/lib/libatspi.so.0.0.1
7f7fb7140000-7f7fb715b000 r-xp 00013000 00:1c 3882805                    /nix/store/njkxckivma0x8j25pkm990z0vi0v4wdc-at-spi2-core-2.58.2/lib/libatspi.so.0.0.1
7f7fb715b000-7f7fb7168000 r--p 0002e000 00:1c 3882805                    /nix/store/njkxckivma0x8j25pkm990z0vi0v4wdc-at-spi2-core-2.58.2/lib/libatspi.so.0.0.1
7f7fb7168000-7f7fb716c000 r--p 0003b000 00:1c 3882805                    /nix/store/njkxckivma0x8j25pkm990z0vi0v4wdc-at-spi2-core-2.58.2/lib/libatspi.so.0.0.1
7f7fb716c000-7f7fb716d000 rw-p 0003f000 00:1c 3882805                    /nix/store/njkxckivma0x8j25pkm990z0vi0v4wdc-at-spi2-core-2.58.2/lib/libatspi.so.0.0.1
7f7fb716d000-7f7fb716f000 rw-p 00000000 00:00 0 
7f7fb716f000-7f7fb7175000 r--p 00000000 00:1c 3787229                    /nix/store/0cdfypplpvbsqll2kp2kl418bjyfhjcz-libjpeg-turbo-3.1.3/lib/libjpeg.so.62.4.0
7f7fb7175000-7f7fb7215000 r-xp 00006000 00:1c 3787229                    /nix/store/0cdfypplpvbsqll2kp2kl418bjyfhjcz-libjpeg-turbo-3.1.3/lib/libjpeg.so.62.4.0
7f7fb7215000-7f7fb723b000 r--p 000a6000 00:1c 3787229                    /nix/store/0cdfypplpvbsqll2kp2kl418bjyfhjcz-libjpeg-turbo-3.1.3/lib/libjpeg.so.62.4.0
7f7fb723b000-7f7fb723c000 r--p 000cc000 00:1c 3787229                    /nix/store/0cdfypplpvbsqll2kp2kl418bjyfhjcz-libjpeg-turbo-3.1.3/lib/libjpeg.so.62.4.0
7f7fb723c000-7f7fb723d000 rw-p 000cd000 00:1c 3787229                    /nix/store/0cdfypplpvbsqll2kp2kl418bjyfhjcz-libjpeg-turbo-3.1.3/lib/libjpeg.so.62.4.0
7f7fb723d000-7f7fb7249000 r--p 00000000 00:1c 3821800                    /nix/store/fzlg63ychmmpwvb71asyp7x2n83kllv3-pixman-0.46.4/lib/libpixman-1.so.0.46.4
7f7fb7249000-7f7fb72de000 r-xp 0000c000 00:1c 3821800                    /nix/store/fzlg63ychmmpwvb71asyp7x2n83kllv3-pixman-0.46.4/lib/libpixman-1.so.0.46.4
7f7fb72de000-7f7fb72ef000 r--p 000a1000 00:1c 3821800                    /nix/store/fzlg63ychmmpwvb71asyp7x2n83kllv3-pixman-0.46.4/lib/libpixman-1.so.0.46.4
7f7fb72ef000-7f7fb72f7000 r--p 000b1000 00:1c 3821800                    /nix/store/fzlg63ychmmpwvb71asyp7x2n83kllv3-pixman-0.46.4/lib/libpixman-1.so.0.46.4
7f7fb72f7000-7f7fb72f8000 rw-p 000b9000 00:1c 3821800                    /nix/store/fzlg63ychmmpwvb71asyp7x2n83kllv3-pixman-0.46.4/lib/libpixman-1.so.0.46.4
7f7fb72f8000-7f7fb72f9000 r--p 00000000 00:1c 3816464                    /nix/store/wi2ryivmdlgfh7r2hmsj70r5dnrrw5bc-libxcb-1.17.0/lib/libxcb-shm.so.0.0.0
7f7fb72f9000-7f7fb72fa000 r-xp 00001000 00:1c 3816464                    /nix/store/wi2ryivmdlgfh7r2hmsj70r5dnrrw5bc-libxcb-1.17.0/lib/libxcb-shm.so.0.0.0
7f7fb72fa000-7f7fb72fb000 r--p 00002000 00:1c 3816464                    /nix/store/wi2ryivmdlgfh7r2hmsj70r5dnrrw5bc-libxcb-1.17.0/lib/libxcb-shm.so.0.0.0
7f7fb72fb000-7f7fb72fc000 r--p 00002000 00:1c 3816464                    /nix/store/wi2ryivmdlgfh7r2hmsj70r5dnrrw5bc-libxcb-1.17.0/lib/libxcb-shm.so.0.0.0
7f7fb72fc000-7f7fb72fd000 rw-p 00003000 00:1c 3816464                    /nix/store/wi2ryivmdlgfh7r2hmsj70r5dnrrw5bc-libxcb-1.17.0/lib/libxcb-shm.so.0.0.0
7f7fb72fd000-7f7fb7303000 r--p 00000000 00:1c 3816448                    /nix/store/wi2ryivmdlgfh7r2hmsj70r5dnrrw5bc-libxcb-1.17.0/lib/libxcb-render.so.0.0.0
7f7fb7303000-7f7fb7308000 r-xp 00006000 00:1c 3816448                    /nix/store/wi2ryivmdlgfh7r2hmsj70r5dnrrw5bc-libxcb-1.17.0/lib/libxcb-render.so.0.0.0
7f7fb7308000-7f7fb730b000 r--p 0000b000 00:1c 3816448                    /nix/store/wi2ryivmdlgfh7r2hmsj70r5dnrrw5bc-libxcb-1.17.0/lib/libxcb-render.so.0.0.0
7f7fb730b000-7f7fb730c000 r--p 0000d000 00:1c 3816448                    /nix/store/wi2ryivmdlgfh7r2hmsj70r5dnrrw5bc-libxcb-1.17.0/lib/libxcb-render.so.0.0.0
7f7fb730c000-7f7fb730d000 rw-p 0000e000 00:1c 3816448                    /nix/store/wi2ryivmdlgfh7r2hmsj70r5dnrrw5bc-libxcb-1.17.0/lib/libxcb-render.so.0.0.0
7f7fb730d000-7f7fb730f000 rw-p 00000000 00:00 0 
7f7fb730f000-7f7fb7312000 r--p 00000000 00:1c 3776525                    /nix/store/v6d9ag8hs0sfl3q0ikxdpp8k26csl0am-graphite2-1.3.14/lib/libgraphite2.so.3.2.1
7f7fb7312000-7f7fb7332000 r-xp 00003000 00:1c 3776525                    /nix/store/v6d9ag8hs0sfl3q0ikxdpp8k26csl0am-graphite2-1.3.14/lib/libgraphite2.so.3.2.1
7f7fb7332000-7f7fb7336000 r--p 00023000 00:1c 3776525                    /nix/store/v6d9ag8hs0sfl3q0ikxdpp8k26csl0am-graphite2-1.3.14/lib/libgraphite2.so.3.2.1
7f7fb7336000-7f7fb7338000 r--p 00027000 00:1c 3776525                    /nix/store/v6d9ag8hs0sfl3q0ikxdpp8k26csl0am-graphite2-1.3.14/lib/libgraphite2.so.3.2.1
7f7fb7338000-7f7fb7339000 rw-p 00029000 00:1c 3776525                    /nix/store/v6d9ag8hs0sfl3q0ikxdpp8k26csl0am-graphite2-1.3.14/lib/libgraphite2.so.3.2.1
7f7fb7339000-7f7fb733c000 r--p 00000000 00:1c 3812021                    /nix/store/7phx3gnhhj8cy74n90m43h2wnj7hydj4-libthai-0.1.30/lib/libthai.so.0.3.2
7f7fb733c000-7f7fb7341000 r-xp 00003000 00:1c 3812021                    /nix/store/7phx3gnhhj8cy74n90m43h2wnj7hydj4-libthai-0.1.30/lib/libthai.so.0.3.2
7f7fb7341000-7f7fb7344000 r--p 00008000 00:1c 3812021                    /nix/store/7phx3gnhhj8cy74n90m43h2wnj7hydj4-libthai-0.1.30/lib/libthai.so.0.3.2
7f7fb7344000-7f7fb7345000 r--p 0000a000 00:1c 3812021                    /nix/store/7phx3gnhhj8cy74n90m43h2wnj7hydj4-libthai-0.1.30/lib/libthai.so.0.3.2
7f7fb7345000-7f7fb7346000 rw-p 0000b000 00:1c 3812021                    /nix/store/7phx3gnhhj8cy74n90m43h2wnj7hydj4-libthai-0.1.30/lib/libthai.so.0.3.2
7f7fb7346000-7f7fb7348000 r--p 00000000 00:1c 3786608                    /nix/store/s644cyhhkg9zjgk924ap5wwr96jn71d3-libffi-3.5.2/lib/libffi.so.8.2.0
7f7fb7348000-7f7fb7353000 r-xp 00002000 00:1c 3786608                    /nix/store/s644cyhhkg9zjgk924ap5wwr96jn71d3-libffi-3.5.2/lib/libffi.so.8.2.0
7f7fb7353000-7f7fb7355000 r--p 0000d000 00:1c 3786608                    /nix/store/s644cyhhkg9zjgk924ap5wwr96jn71d3-libffi-3.5.2/lib/libffi.so.8.2.0
7f7fb7355000-7f7fb7356000 r--p 0000e000 00:1c 3786608                    /nix/store/s644cyhhkg9zjgk924ap5wwr96jn71d3-libffi-3.5.2/lib/libffi.so.8.2.0
7f7fb7356000-7f7fb7357000 rw-p 0000f000 00:1c 3786608                    /nix/store/s644cyhhkg9zjgk924ap5wwr96jn71d3-libffi-3.5.2/lib/libffi.so.8.2.0
7f7fb7357000-7f7fb7359000 rw-p 00000000 00:00 0 
7f7fb7359000-7f7fb735c000 r--p 00000000 00:1c 3822155                    /nix/store/0kgwmi3n8ml2a041a5y9y9ycga3md4dq-pcre2-10.46/lib/libpcre2-8.so.0.14.0
7f7fb735c000-7f7fb73da000 r-xp 00003000 00:1c 3822155                    /nix/store/0kgwmi3n8ml2a041a5y9y9ycga3md4dq-pcre2-10.46/lib/libpcre2-8.so.0.14.0
7f7fb73da000-7f7fb7405000 r--p 00081000 00:1c 3822155                    /nix/store/0kgwmi3n8ml2a041a5y9y9ycga3md4dq-pcre2-10.46/lib/libpcre2-8.so.0.14.0
7f7fb7405000-7f7fb7406000 r--p 000ab000 00:1c 3822155                    /nix/store/0kgwmi3n8ml2a041a5y9y9ycga3md4dq-pcre2-10.46/lib/libpcre2-8.so.0.14.0
7f7fb7406000-7f7fb7407000 rw-p 000ac000 00:1c 3822155                    /nix/store/0kgwmi3n8ml2a041a5y9y9ycga3md4dq-pcre2-10.46/lib/libpcre2-8.so.0.14.0
7f7fb7407000-7f7fb7408000 r--p 00000000 00:1c 3820746                    /nix/store/brmdgxgr1j4l92smf07ay1af9x17pvvy-libxcomposite-0.4.6/lib/libXcomposite.so.1.0.0
7f7fb7408000-7f7fb7409000 r-xp 00001000 00:1c 3820746                    /nix/store/brmdgxgr1j4l92smf07ay1af9x17pvvy-libxcomposite-0.4.6/lib/libXcomposite.so.1.0.0
7f7fb7409000-7f7fb740a000 r--p 00002000 00:1c 3820746                    /nix/store/brmdgxgr1j4l92smf07ay1af9x17pvvy-libxcomposite-0.4.6/lib/libXcomposite.so.1.0.0
7f7fb740a000-7f7fb740b000 r--p 00002000 00:1c 3820746                    /nix/store/brmdgxgr1j4l92smf07ay1af9x17pvvy-libxcomposite-0.4.6/lib/libXcomposite.so.1.0.0
7f7fb740b000-7f7fb740c000 rw-p 00003000 00:1c 3820746                    /nix/store/brmdgxgr1j4l92smf07ay1af9x17pvvy-libxcomposite-0.4.6/lib/libXcomposite.so.1.0.0
7f7fb740c000-7f7fb740d000 r--p 00000000 00:1c 3820850                    /nix/store/szvs897gk3a6pvv02hbpf6ixx2c4lv5l-libxdamage-1.1.6/lib/libXdamage.so.1.1.0
7f7fb740d000-7f7fb740e000 r-xp 00001000 00:1c 3820850                    /nix/store/szvs897gk3a6pvv02hbpf6ixx2c4lv5l-libxdamage-1.1.6/lib/libXdamage.so.1.1.0
7f7fb740e000-7f7fb740f000 r--p 00002000 00:1c 3820850                    /nix/store/szvs897gk3a6pvv02hbpf6ixx2c4lv5l-libxdamage-1.1.6/lib/libXdamage.so.1.1.0
7f7fb740f000-7f7fb7410000 r--p 00002000 00:1c 3820850                    /nix/store/szvs897gk3a6pvv02hbpf6ixx2c4lv5l-libxdamage-1.1.6/lib/libXdamage.so.1.1.0
7f7fb7410000-7f7fb7411000 rw-p 00003000 00:1c 3820850                    /nix/store/szvs897gk3a6pvv02hbpf6ixx2c4lv5l-libxdamage-1.1.6/lib/libXdamage.so.1.1.0
7f7fb7411000-7f7fb7414000 r--p 00000000 00:1c 3820953                    /nix/store/7li7v2a2ny1b84avw8wzcsbcgmabfnqr-libxcursor-1.2.3/lib/libXcursor.so.1.0.2
7f7fb7414000-7f7fb741a000 r-xp 00003000 00:1c 3820953                    /nix/store/7li7v2a2ny1b84avw8wzcsbcgmabfnqr-libxcursor-1.2.3/lib/libXcursor.so.1.0.2
7f7fb741a000-7f7fb741c000 r--p 00009000 00:1c 3820953                    /nix/store/7li7v2a2ny1b84avw8wzcsbcgmabfnqr-libxcursor-1.2.3/lib/libXcursor.so.1.0.2
7f7fb741c000-7f7fb741d000 r--p 0000a000 00:1c 3820953                    /nix/store/7li7v2a2ny1b84avw8wzcsbcgmabfnqr-libxcursor-1.2.3/lib/libXcursor.so.1.0.2
7f7fb741d000-7f7fb741e000 rw-p 0000b000 00:1c 3820953                    /nix/store/7li7v2a2ny1b84avw8wzcsbcgmabfnqr-libxcursor-1.2.3/lib/libXcursor.so.1.0.2
7f7fb741e000-7f7fb7420000 rw-p 00000000 00:00 0 
7f7fb7420000-7f7fb7421000 r--p 00000000 00:1c 3830729                    /nix/store/v252clrvl9pxhq7f7iway7m9r3i1z0vq-wayland-1.24.0/lib/libwayland-egl.so.1.24.0
7f7fb7421000-7f7fb7422000 r-xp 00001000 00:1c 3830729                    /nix/store/v252clrvl9pxhq7f7iway7m9r3i1z0vq-wayland-1.24.0/lib/libwayland-egl.so.1.24.0
7f7fb7422000-7f7fb7423000 r--p 00002000 00:1c 3830729                    /nix/store/v252clrvl9pxhq7f7iway7m9r3i1z0vq-wayland-1.24.0/lib/libwayland-egl.so.1.24.0
7f7fb7423000-7f7fb7424000 r--p 00002000 00:1c 3830729                    /nix/store/v252clrvl9pxhq7f7iway7m9r3i1z0vq-wayland-1.24.0/lib/libwayland-egl.so.1.24.0
7f7fb7424000-7f7fb7425000 rw-p 00003000 00:1c 3830729                    /nix/store/v252clrvl9pxhq7f7iway7m9r3i1z0vq-wayland-1.24.0/lib/libwayland-egl.so.1.24.0
7f7fb7425000-7f7fb7427000 r--p 00000000 00:1c 3830726                    /nix/store/v252clrvl9pxhq7f7iway7m9r3i1z0vq-wayland-1.24.0/lib/libwayland-cursor.so.0.24.0
7f7fb7427000-7f7fb7429000 r-xp 00002000 00:1c 3830726                    /nix/store/v252clrvl9pxhq7f7iway7m9r3i1z0vq-wayland-1.24.0/lib/libwayland-cursor.so.0.24.0
7f7fb7429000-7f7fb742a000 r--p 00004000 00:1c 3830726                    /nix/store/v252clrvl9pxhq7f7iway7m9r3i1z0vq-wayland-1.24.0/lib/libwayland-cursor.so.0.24.0
7f7fb742a000-7f7fb742b000 r--p 00004000 00:1c 3830726                    /nix/store/v252clrvl9pxhq7f7iway7m9r3i1z0vq-wayland-1.24.0/lib/libwayland-cursor.so.0.24.0
7f7fb742b000-7f7fb742f000 rw-p 00005000 00:1c 3830726                    /nix/store/v252clrvl9pxhq7f7iway7m9r3i1z0vq-wayland-1.24.0/lib/libwayland-cursor.so.0.24.0
7f7fb742f000-7f7fb7435000 r--p 00000000 00:1c 3830723                    /nix/store/v252clrvl9pxhq7f7iway7m9r3i1z0vq-wayland-1.24.0/lib/libwayland-client.so.0.24.0
7f7fb7435000-7f7fb743c000 r-xp 00006000 00:1c 3830723                    /nix/store/v252clrvl9pxhq7f7iway7m9r3i1z0vq-wayland-1.24.0/lib/libwayland-client.so.0.24.0
7f7fb743c000-7f7fb743f000 r--p 0000d000 00:1c 3830723                    /nix/store/v252clrvl9pxhq7f7iway7m9r3i1z0vq-wayland-1.24.0/lib/libwayland-client.so.0.24.0
7f7fb743f000-7f7fb7441000 r--p 00010000 00:1c 3830723                    /nix/store/v252clrvl9pxhq7f7iway7m9r3i1z0vq-wayland-1.24.0/lib/libwayland-client.so.0.24.0
7f7fb7441000-7f7fb7442000 rw-p 00012000 00:1c 3830723                    /nix/store/v252clrvl9pxhq7f7iway7m9r3i1z0vq-wayland-1.24.0/lib/libwayland-client.so.0.24.0
7f7fb7442000-7f7fb7448000 r--p 00000000 00:1c 3833114                    /nix/store/ni6pwnn5cg4mwm2fkmqrm2bzjvj16b64-libxkbcommon-1.11.0/lib/libxkbcommon.so.0.11.0
7f7fb7448000-7f7fb7472000 r-xp 00006000 00:1c 3833114                    /nix/store/ni6pwnn5cg4mwm2fkmqrm2bzjvj16b64-libxkbcommon-1.11.0/lib/libxkbcommon.so.0.11.0
7f7fb7472000-7f7fb749a000 r--p 00030000 00:1c 3833114                    /nix/store/ni6pwnn5cg4mwm2fkmqrm2bzjvj16b64-libxkbcommon-1.11.0/lib/libxkbcommon.so.0.11.0
7f7fb749a000-7f7fb749c000 r--p 00058000 00:1c 3833114                    /nix/store/ni6pwnn5cg4mwm2fkmqrm2bzjvj16b64-libxkbcommon-1.11.0/lib/libxkbcommon.so.0.11.0
7f7fb749c000-7f7fb749d000 rw-p 0005a000 00:1c 3833114                    /nix/store/ni6pwnn5cg4mwm2fkmqrm2bzjvj16b64-libxkbcommon-1.11.0/lib/libxkbcommon.so.0.11.0
7f7fb749d000-7f7fb749f000 rw-p 00000000 00:00 0 
7f7fb749f000-7f7fb74ac000 r--p 00000000 00:1c 3816583                    /nix/store/wi2ryivmdlgfh7r2hmsj70r5dnrrw5bc-libxcb-1.17.0/lib/libxcb.so.1.1.0
7f7fb74ac000-7f7fb74c0000 r-xp 0000d000 00:1c 3816583                    /nix/store/wi2ryivmdlgfh7r2hmsj70r5dnrrw5bc-libxcb-1.17.0/lib/libxcb.so.1.1.0
7f7fb74c0000-7f7fb74c9000 r--p 00021000 00:1c 3816583                    /nix/store/wi2ryivmdlgfh7r2hmsj70r5dnrrw5bc-libxcb-1.17.0/lib/libxcb.so.1.1.0
7f7fb74c9000-7f7fb74ca000 r--p 0002a000 00:1c 3816583                    /nix/store/wi2ryivmdlgfh7r2hmsj70r5dnrrw5bc-libxcb-1.17.0/lib/libxcb.so.1.1.0
7f7fb74ca000-7f7fb74cb000 rw-p 0002b000 00:1c 3816583                    /nix/store/wi2ryivmdlgfh7r2hmsj70r5dnrrw5bc-libxcb-1.17.0/lib/libxcb.so.1.1.0
7f7fb74cb000-7f7fb74dd000 r--p 00000000 00:1c 3776501                    /nix/store/c5p8phmycgqjfrwzf0cpc740b6gvdac5-gmp-with-cxx-6.3.0/lib/libgmp.so.10.5.0
7f7fb74dd000-7f7fb755d000 r-xp 00012000 00:1c 3776501                    /nix/store/c5p8phmycgqjfrwzf0cpc740b6gvdac5-gmp-with-cxx-6.3.0/lib/libgmp.so.10.5.0
7f7fb755d000-7f7fb7572000 r--p 00092000 00:1c 3776501                    /nix/store/c5p8phmycgqjfrwzf0cpc740b6gvdac5-gmp-with-cxx-6.3.0/lib/libgmp.so.10.5.0
7f7fb7572000-7f7fb7574000 r--p 000a6000 00:1c 3776501                    /nix/store/c5p8phmycgqjfrwzf0cpc740b6gvdac5-gmp-with-cxx-6.3.0/lib/libgmp.so.10.5.0
7f7fb7574000-7f7fb7575000 rw-p 000a8000 00:1c 3776501                    /nix/store/c5p8phmycgqjfrwzf0cpc740b6gvdac5-gmp-with-cxx-6.3.0/lib/libgmp.so.10.5.0
7f7fb7575000-7f7fb7584000 r--p 00000000 00:1c 3817175                    /nix/store/nhpyszcx9i58dr93ny8020n4y31ni4lm-nettle-3.10.2/lib/libnettle.so.8.11
7f7fb7584000-7f7fb75b1000 r-xp 0000f000 00:1c 3817175                    /nix/store/nhpyszcx9i58dr93ny8020n4y31ni4lm-nettle-3.10.2/lib/libnettle.so.8.11
7f7fb75b1000-7f7fb75c9000 r--p 0003c000 00:1c 3817175                    /nix/store/nhpyszcx9i58dr93ny8020n4y31ni4lm-nettle-3.10.2/lib/libnettle.so.8.11
7f7fb75c9000-7f7fb75cc000 r--p 00053000 00:1c 3817175                    /nix/store/nhpyszcx9i58dr93ny8020n4y31ni4lm-nettle-3.10.2/lib/libnettle.so.8.11
7f7fb75cc000-7f7fb75cd000 rw-p 00056000 00:1c 3817175                    /nix/store/nhpyszcx9i58dr93ny8020n4y31ni4lm-nettle-3.10.2/lib/libnettle.so.8.11
7f7fb75cd000-7f7fb75d7000 r--p 00000000 00:1c 3816975                    /nix/store/nhpyszcx9i58dr93ny8020n4y31ni4lm-nettle-3.10.2/lib/libhogweed.so.6.11
7f7fb75d7000-7f7fb75ed000 r-xp 0000a000 00:1c 3816975                    /nix/store/nhpyszcx9i58dr93ny8020n4y31ni4lm-nettle-3.10.2/lib/libhogweed.so.6.11
7f7fb75ed000-7f7fb7617000 r--p 00020000 00:1c 3816975                    /nix/store/nhpyszcx9i58dr93ny8020n4y31ni4lm-nettle-3.10.2/lib/libhogweed.so.6.11
7f7fb7617000-7f7fb7619000 r--p 00049000 00:1c 3816975                    /nix/store/nhpyszcx9i58dr93ny8020n4y31ni4lm-nettle-3.10.2/lib/libhogweed.so.6.11
7f7fb7619000-7f7fb761a000 rw-p 0004b000 00:1c 3816975                    /nix/store/nhpyszcx9i58dr93ny8020n4y31ni4lm-nettle-3.10.2/lib/libhogweed.so.6.11
7f7fb761a000-7f7fb761c000 rw-p 00000000 00:00 0 
7f7fb761c000-7f7fb761f000 r--p 00000000 00:1c 3811895                    /nix/store/f61qjpshnnf19zm9k7kakjwbrxzbswfn-libtasn1-4.21.0/lib/libtasn1.so.6.6.5
7f7fb761f000-7f7fb762d000 r-xp 00003000 00:1c 3811895                    /nix/store/f61qjpshnnf19zm9k7kakjwbrxzbswfn-libtasn1-4.21.0/lib/libtasn1.so.6.6.5
7f7fb762d000-7f7fb7631000 r--p 00011000 00:1c 3811895                    /nix/store/f61qjpshnnf19zm9k7kakjwbrxzbswfn-libtasn1-4.21.0/lib/libtasn1.so.6.6.5
7f7fb7631000-7f7fb7632000 r--p 00014000 00:1c 3811895                    /nix/store/f61qjpshnnf19zm9k7kakjwbrxzbswfn-libtasn1-4.21.0/lib/libtasn1.so.6.6.5
7f7fb7632000-7f7fb7633000 rw-p 00015000 00:1c 3811895                    /nix/store/f61qjpshnnf19zm9k7kakjwbrxzbswfn-libtasn1-4.21.0/lib/libtasn1.so.6.6.5
7f7fb7633000-7f7fb7647000 r--p 00000000 00:1c 420892                     /nix/store/pkphs076yz5ajnqczzj0588n6miph269-libunistring-1.4.1/lib/libunistring.so.5.2.1
7f7fb7647000-7f7fb768c000 r-xp 00014000 00:1c 420892                     /nix/store/pkphs076yz5ajnqczzj0588n6miph269-libunistring-1.4.1/lib/libunistring.so.5.2.1
7f7fb768c000-7f7fb781b000 r--p 00059000 00:1c 420892                     /nix/store/pkphs076yz5ajnqczzj0588n6miph269-libunistring-1.4.1/lib/libunistring.so.5.2.1
7f7fb781b000-7f7fb781f000 r--p 001e8000 00:1c 420892                     /nix/store/pkphs076yz5ajnqczzj0588n6miph269-libunistring-1.4.1/lib/libunistring.so.5.2.1
7f7fb781f000-7f7fb7820000 rw-p 001ec000 00:1c 420892                     /nix/store/pkphs076yz5ajnqczzj0588n6miph269-libunistring-1.4.1/lib/libunistring.so.5.2.1
7f7fb7820000-7f7fb7822000 r--p 00000000 00:1c 3752108                    /nix/store/d0d9wqmw5saaynfvmszsda3dmh5q82z8-libidn2-2.3.8/lib/libidn2.so.0.4.0
7f7fb7822000-7f7fb7828000 r-xp 00002000 00:1c 3752108                    /nix/store/d0d9wqmw5saaynfvmszsda3dmh5q82z8-libidn2-2.3.8/lib/libidn2.so.0.4.0
7f7fb7828000-7f7fb784f000 r--p 00008000 00:1c 3752108                    /nix/store/d0d9wqmw5saaynfvmszsda3dmh5q82z8-libidn2-2.3.8/lib/libidn2.so.0.4.0
7f7fb784f000-7f7fb7850000 r--p 0002e000 00:1c 3752108                    /nix/store/d0d9wqmw5saaynfvmszsda3dmh5q82z8-libidn2-2.3.8/lib/libidn2.so.0.4.0
7f7fb7850000-7f7fb7851000 rw-p 0002f000 00:1c 3752108                    /nix/store/d0d9wqmw5saaynfvmszsda3dmh5q82z8-libidn2-2.3.8/lib/libidn2.so.0.4.0
7f7fb7851000-7f7fb788c000 r--p 00000000 00:1c 3820725                    /nix/store/kif1ka2gbmazfdhvcj8n2wgmi87k99fl-p11-kit-0.25.10/lib/libp11-kit.so.0.4.5
7f7fb788c000-7f7fb7967000 r-xp 0003b000 00:1c 3820725                    /nix/store/kif1ka2gbmazfdhvcj8n2wgmi87k99fl-p11-kit-0.25.10/lib/libp11-kit.so.0.4.5
7f7fb7967000-7f7fb79e6000 r--p 00116000 00:1c 3820725                    /nix/store/kif1ka2gbmazfdhvcj8n2wgmi87k99fl-p11-kit-0.25.10/lib/libp11-kit.so.0.4.5
7f7fb79e6000-7f7fb79f6000 r--p 00195000 00:1c 3820725                    /nix/store/kif1ka2gbmazfdhvcj8n2wgmi87k99fl-p11-kit-0.25.10/lib/libp11-kit.so.0.4.5
7f7fb79f6000-7f7fb7a03000 rw-p 001a5000 00:1c 3820725                    /nix/store/kif1ka2gbmazfdhvcj8n2wgmi87k99fl-p11-kit-0.25.10/lib/libp11-kit.so.0.4.5
7f7fb7a03000-7f7fb7a04000 rw-p 00000000 00:00 0 
7f7fb7a04000-7f7fb7a13000 r--p 00000000 00:1c 3881954                    /nix/store/jh07azrfyi3x24x4cwm3q8abxnj6m9wd-dbus-1.14.10-lib/lib/libdbus-1.so.3.32.4
7f7fb7a13000-7f7fb7a47000 r-xp 0000f000 00:1c 3881954                    /nix/store/jh07azrfyi3x24x4cwm3q8abxnj6m9wd-dbus-1.14.10-lib/lib/libdbus-1.so.3.32.4
7f7fb7a47000-7f7fb7a5a000 r--p 00043000 00:1c 3881954                    /nix/store/jh07azrfyi3x24x4cwm3q8abxnj6m9wd-dbus-1.14.10-lib/lib/libdbus-1.so.3.32.4
7f7fb7a5a000-7f7fb7a5c000 r--p 00055000 00:1c 3881954                    /nix/store/jh07azrfyi3x24x4cwm3q8abxnj6m9wd-dbus-1.14.10-lib/lib/libdbus-1.so.3.32.4
7f7fb7a5c000-7f7fb7a5d000 rw-p 00057000 00:1c 3881954                    /nix/store/jh07azrfyi3x24x4cwm3q8abxnj6m9wd-dbus-1.14.10-lib/lib/libdbus-1.so.3.32.4
7f7fb7a5d000-7f7fb7a5e000 r--p 00000000 00:1c 3772658                    /nix/store/j2kgllgds4w7na8zqv1msi0mpvpjxda8-gcc-15.2.0-lib/lib/libssp.so.0.0.0
7f7fb7a5e000-7f7fb7a5f000 r-xp 00001000 00:1c 3772658                    /nix/store/j2kgllgds4w7na8zqv1msi0mpvpjxda8-gcc-15.2.0-lib/lib/libssp.so.0.0.0
7f7fb7a5f000-7f7fb7a60000 r--p 00002000 00:1c 3772658                    /nix/store/j2kgllgds4w7na8zqv1msi0mpvpjxda8-gcc-15.2.0-lib/lib/libssp.so.0.0.0
7f7fb7a60000-7f7fb7a61000 r--p 00002000 00:1c 3772658                    /nix/store/j2kgllgds4w7na8zqv1msi0mpvpjxda8-gcc-15.2.0-lib/lib/libssp.so.0.0.0
7f7fb7a61000-7f7fb7a62000 rw-p 00003000 00:1c 3772658                    /nix/store/j2kgllgds4w7na8zqv1msi0mpvpjxda8-gcc-15.2.0-lib/lib/libssp.so.0.0.0
7f7fb7a62000-7f7fb7a63000 r--p 00000000 00:1c 3768697                    /nix/store/q5hdxy658850yynggmkjblbqfgs1w4nq-brotli-1.2.0-lib/lib/libbrotlicommon.so.1.2.0
7f7fb7a63000-7f7fb7a64000 r-xp 00001000 00:1c 3768697                    /nix/store/q5hdxy658850yynggmkjblbqfgs1w4nq-brotli-1.2.0-lib/lib/libbrotlicommon.so.1.2.0
7f7fb7a64000-7f7fb7a83000 r--p 00002000 00:1c 3768697                    /nix/store/q5hdxy658850yynggmkjblbqfgs1w4nq-brotli-1.2.0-lib/lib/libbrotlicommon.so.1.2.0
7f7fb7a83000-7f7fb7a84000 r--p 00021000 00:1c 3768697                    /nix/store/q5hdxy658850yynggmkjblbqfgs1w4nq-brotli-1.2.0-lib/lib/libbrotlicommon.so.1.2.0
7f7fb7a84000-7f7fb7a85000 rw-p 00022000 00:1c 3768697                    /nix/store/q5hdxy658850yynggmkjblbqfgs1w4nq-brotli-1.2.0-lib/lib/libbrotlicommon.so.1.2.0
7f7fb7a85000-7f7fb7a8d000 r--p 00000000 00:1c 3823422                    /nix/store/h4qwa74a377wj4xgglkg6wjiwf72ab9z-libselinux-3.8.1/lib/libselinux.so.1
7f7fb7a8d000-7f7fb7aaf000 r-xp 00008000 00:1c 3823422                    /nix/store/h4qwa74a377wj4xgglkg6wjiwf72ab9z-libselinux-3.8.1/lib/libselinux.so.1
7f7fb7aaf000-7f7fb7ab7000 r--p 0002a000 00:1c 3823422                    /nix/store/h4qwa74a377wj4xgglkg6wjiwf72ab9z-libselinux-3.8.1/lib/libselinux.so.1
7f7fb7ab7000-7f7fb7ab8000 r--p 00031000 00:1c 3823422                    /nix/store/h4qwa74a377wj4xgglkg6wjiwf72ab9z-libselinux-3.8.1/lib/libselinux.so.1
7f7fb7ab8000-7f7fb7ab9000 rw-p 00032000 00:1c 3823422                    /nix/store/h4qwa74a377wj4xgglkg6wjiwf72ab9z-libselinux-3.8.1/lib/libselinux.so.1
7f7fb7ab9000-7f7fb7abb000 rw-p 00000000 00:00 0 
7f7fb7abb000-7f7fb7ac9000 r--p 00000000 00:1c 3830914                    /nix/store/8fwg7nzmn4jvyw1r7y1653aiz1gz5d4z-util-linux-minimal-2.41.3-lib/lib/libmount.so.1.1.0
7f7fb7ac9000-7f7fb7b1d000 r-xp 0000e000 00:1c 3830914                    /nix/store/8fwg7nzmn4jvyw1r7y1653aiz1gz5d4z-util-linux-minimal-2.41.3-lib/lib/libmount.so.1.1.0
7f7fb7b1d000-7f7fb7b33000 r--p 00062000 00:1c 3830914                    /nix/store/8fwg7nzmn4jvyw1r7y1653aiz1gz5d4z-util-linux-minimal-2.41.3-lib/lib/libmount.so.1.1.0
7f7fb7b33000-7f7fb7b36000 r--p 00078000 00:1c 3830914                    /nix/store/8fwg7nzmn4jvyw1r7y1653aiz1gz5d4z-util-linux-minimal-2.41.3-lib/lib/libmount.so.1.1.0
7f7fb7b36000-7f7fb7b37000 rw-p 0007b000 00:1c 3830914                    /nix/store/8fwg7nzmn4jvyw1r7y1653aiz1gz5d4z-util-linux-minimal-2.41.3-lib/lib/libmount.so.1.1.0
7f7fb7b37000-7f7fb7b52000 r--p 00000000 00:1c 3883875                    /nix/store/r1asizw5apls1wrir18aqikvn9l0bj29-tinysparql-3.10.1/lib/libtinysparql-3.0.so.0.1001.0
7f7fb7b52000-7f7fb7bc7000 r-xp 0001b000 00:1c 3883875                    /nix/store/r1asizw5apls1wrir18aqikvn9l0bj29-tinysparql-3.10.1/lib/libtinysparql-3.0.so.0.1001.0
7f7fb7bc7000-7f7fb7bfe000 r--p 00090000 00:1c 3883875                    /nix/store/r1asizw5apls1wrir18aqikvn9l0bj29-tinysparql-3.10.1/lib/libtinysparql-3.0.so.0.1001.0
7f7fb7bfe000-7f7fb7c0c000 r--p 000c7000 00:1c 3883875                    /nix/store/r1asizw5apls1wrir18aqikvn9l0bj29-tinysparql-3.10.1/lib/libtinysparql-3.0.so.0.1001.0
7f7fb7c0c000-7f7fb7c0d000 rw-p 000d5000 00:1c 3883875                    /nix/store/r1asizw5apls1wrir18aqikvn9l0bj29-tinysparql-3.10.1/lib/libtinysparql-3.0.so.0.1001.0
7f7fb7c0d000-7f7fb7c1b000 r--p 00000000 00:1c 3882756                    /nix/store/njkxckivma0x8j25pkm990z0vi0v4wdc-at-spi2-core-2.58.2/lib/libatk-bridge-2.0.so.0.0.0
7f7fb7c1b000-7f7fb7c35000 r-xp 0000e000 00:1c 3882756                    /nix/store/njkxckivma0x8j25pkm990z0vi0v4wdc-at-spi2-core-2.58.2/lib/libatk-bridge-2.0.so.0.0.0
7f7fb7c35000-7f7fb7c49000 r--p 00028000 00:1c 3882756                    /nix/store/njkxckivma0x8j25pkm990z0vi0v4wdc-at-spi2-core-2.58.2/lib/libatk-bridge-2.0.so.0.0.0
7f7fb7c49000-7f7fb7c4b000 r--p 0003b000 00:1c 3882756                    /nix/store/njkxckivma0x8j25pkm990z0vi0v4wdc-at-spi2-core-2.58.2/lib/libatk-bridge-2.0.so.0.0.0
7f7fb7c4b000-7f7fb7c4d000 rw-p 0003d000 00:1c 3882756                    /nix/store/njkxckivma0x8j25pkm990z0vi0v4wdc-at-spi2-core-2.58.2/lib/libatk-bridge-2.0.so.0.0.0
7f7fb7c4d000-7f7fb7c50000 r--p 00000000 00:1c 3820905                    /nix/store/2jpi8ynpyjya1agxgc0d4bj1cy1q6gv5-libxi-1.8.2/lib/libXi.so.6.1.0
7f7fb7c50000-7f7fb7c5d000 r-xp 00003000 00:1c 3820905                    /nix/store/2jpi8ynpyjya1agxgc0d4bj1cy1q6gv5-libxi-1.8.2/lib/libXi.so.6.1.0
7f7fb7c5d000-7f7fb7c5f000 r--p 00010000 00:1c 3820905                    /nix/store/2jpi8ynpyjya1agxgc0d4bj1cy1q6gv5-libxi-1.8.2/lib/libXi.so.6.1.0
7f7fb7c5f000-7f7fb7c60000 r--p 00012000 00:1c 3820905                    /nix/store/2jpi8ynpyjya1agxgc0d4bj1cy1q6gv5-libxi-1.8.2/lib/libXi.so.6.1.0
7f7fb7c60000-7f7fb7c61000 rw-p 00013000 00:1c 3820905                    /nix/store/2jpi8ynpyjya1agxgc0d4bj1cy1q6gv5-libxi-1.8.2/lib/libXi.so.6.1.0
7f7fb7c61000-7f7fb7cc6000 r--p 00000000 00:1c 3821857                    /nix/store/srj6n1a1b1fhaiishwk8ldxkygz0hs6g-libepoxy-1.5.10/lib/libepoxy.so.0.0.0
7f7fb7cc6000-7f7fb7d2f000 r-xp 00065000 00:1c 3821857                    /nix/store/srj6n1a1b1fhaiishwk8ldxkygz0hs6g-libepoxy-1.5.10/lib/libepoxy.so.0.0.0
7f7fb7d2f000-7f7fb7d75000 r--p 000ce000 00:1c 3821857                    /nix/store/srj6n1a1b1fhaiishwk8ldxkygz0hs6g-libepoxy-1.5.10/lib/libepoxy.so.0.0.0
7f7fb7d75000-7f7fb7d7d000 r--p 00113000 00:1c 3821857                    /nix/store/srj6n1a1b1fhaiishwk8ldxkygz0hs6g-libepoxy-1.5.10/lib/libepoxy.so.0.0.0
7f7fb7d7d000-7f7fb7d84000 rw-p 0011b000 00:1c 3821857                    /nix/store/srj6n1a1b1fhaiishwk8ldxkygz0hs6g-libepoxy-1.5.10/lib/libepoxy.so.0.0.0
7f7fb7d84000-7f7fb7d8f000 r--p 00000000 00:1c 3882703                    /nix/store/njkxckivma0x8j25pkm990z0vi0v4wdc-at-spi2-core-2.58.2/lib/libatk-1.0.so.0.25811.1
7f7fb7d8f000-7f7fb7d9f000 r-xp 0000b000 00:1c 3882703                    /nix/store/njkxckivma0x8j25pkm990z0vi0v4wdc-at-spi2-core-2.58.2/lib/libatk-1.0.so.0.25811.1
7f7fb7d9f000-7f7fb7daa000 r--p 0001b000 00:1c 3882703                    /nix/store/njkxckivma0x8j25pkm990z0vi0v4wdc-at-spi2-core-2.58.2/lib/libatk-1.0.so.0.25811.1
7f7fb7daa000-7f7fb7dad000 r--p 00026000 00:1c 3882703                    /nix/store/njkxckivma0x8j25pkm990z0vi0v4wdc-at-spi2-core-2.58.2/lib/libatk-1.0.so.0.25811.1
7f7fb7dad000-7f7fb7dae000 rw-p 00029000 00:1c 3882703                    /nix/store/njkxckivma0x8j25pkm990z0vi0v4wdc-at-spi2-core-2.58.2/lib/libatk-1.0.so.0.25811.1
7f7fb7dae000-7f7fb7db6000 r--p 00000000 00:1c 3868462                    /nix/store/izs6bs8fflbyg7djv7p1c753jyinxvx3-gdk-pixbuf-2.44.4/lib/libgdk_pixbuf-2.0.so.0.4400.4
7f7fb7db6000-7f7fb7dd2000 r-xp 00008000 00:1c 3868462                    /nix/store/izs6bs8fflbyg7djv7p1c753jyinxvx3-gdk-pixbuf-2.44.4/lib/libgdk_pixbuf-2.0.so.0.4400.4
7f7fb7dd2000-7f7fb7ddb000 r--p 00024000 00:1c 3868462                    /nix/store/izs6bs8fflbyg7djv7p1c753jyinxvx3-gdk-pixbuf-2.44.4/lib/libgdk_pixbuf-2.0.so.0.4400.4
7f7fb7ddb000-7f7fb7ddc000 r--p 0002d000 00:1c 3868462                    /nix/store/izs6bs8fflbyg7djv7p1c753jyinxvx3-gdk-pixbuf-2.44.4/lib/libgdk_pixbuf-2.0.so.0.4400.4
7f7fb7ddc000-7f7fb7ddd000 rw-p 0002e000 00:1c 3868462                    /nix/store/izs6bs8fflbyg7djv7p1c753jyinxvx3-gdk-pixbuf-2.44.4/lib/libgdk_pixbuf-2.0.so.0.4400.4
7f7fb7ddd000-7f7fb7df2000 r--p 00000000 00:1c 3841480                    /nix/store/5nbvsm40g4pdl8dyjil3zi426czf39qv-cairo-1.18.4/lib/libcairo.so.2.11804.4
7f7fb7df2000-7f7fb7eee000 r-xp 00015000 00:1c 3841480                    /nix/store/5nbvsm40g4pdl8dyjil3zi426czf39qv-cairo-1.18.4/lib/libcairo.so.2.11804.4
7f7fb7eee000-7f7fb7f2b000 r--p 00111000 00:1c 3841480                    /nix/store/5nbvsm40g4pdl8dyjil3zi426czf39qv-cairo-1.18.4/lib/libcairo.so.2.11804.4
7f7fb7f2b000-7f7fb7f2f000 r--p 0014d000 00:1c 3841480                    /nix/store/5nbvsm40g4pdl8dyjil3zi426czf39qv-cairo-1.18.4/lib/libcairo.so.2.11804.4
7f7fb7f2f000-7f7fb7f31000 rw-p 00151000 00:1c 3841480                    /nix/store/5nbvsm40g4pdl8dyjil3zi426czf39qv-cairo-1.18.4/lib/libcairo.so.2.11804.4
7f7fb7f31000-7f7fb7f32000 rw-p 00000000 00:00 0 
7f7fb7f32000-7f7fb7f40000 r--p 00000000 00:1c 3843992                    /nix/store/vcxhs9a9ywm72vcxci2rfjgrmqw32mdl-harfbuzz-12.3.0/lib/libharfbuzz.so.0.61230.0
7f7fb7f40000-7f7fb805f000 r-xp 0000e000 00:1c 3843992                    /nix/store/vcxhs9a9ywm72vcxci2rfjgrmqw32mdl-harfbuzz-12.3.0/lib/libharfbuzz.so.0.61230.0
7f7fb805f000-7f7fb809c000 r--p 0012d000 00:1c 3843992                    /nix/store/vcxhs9a9ywm72vcxci2rfjgrmqw32mdl-harfbuzz-12.3.0/lib/libharfbuzz.so.0.61230.0
7f7fb809c000-7f7fb809e000 r--p 00169000 00:1c 3843992                    /nix/store/vcxhs9a9ywm72vcxci2rfjgrmqw32mdl-harfbuzz-12.3.0/lib/libharfbuzz.so.0.61230.0
7f7fb809e000-7f7fb809f000 rw-p 0016b000 00:1c 3843992                    /nix/store/vcxhs9a9ywm72vcxci2rfjgrmqw32mdl-harfbuzz-12.3.0/lib/libharfbuzz.so.0.61230.0
7f7fb809f000-7f7fb80c2000 r--p 00000000 00:1c 3835822                    /nix/store/fgzpllmvbk3l258j0f3ib7k44lksbqnp-glib-2.86.3/lib/libglib-2.0.so.0.8600.3
7f7fb80c2000-7f7fb816d000 r-xp 00023000 00:1c 3835822                    /nix/store/fgzpllmvbk3l258j0f3ib7k44lksbqnp-glib-2.86.3/lib/libglib-2.0.so.0.8600.3
7f7fb816d000-7f7fb81fd000 r--p 000ce000 00:1c 3835822                    /nix/store/fgzpllmvbk3l258j0f3ib7k44lksbqnp-glib-2.86.3/lib/libglib-2.0.so.0.8600.3
7f7fb81fd000-7f7fb81fe000 r--p 0015e000 00:1c 3835822                    /nix/store/fgzpllmvbk3l258j0f3ib7k44lksbqnp-glib-2.86.3/lib/libglib-2.0.so.0.8600.3
7f7fb81fe000-7f7fb81ff000 rw-p 0015f000 00:1c 3835822                    /nix/store/fgzpllmvbk3l258j0f3ib7k44lksbqnp-glib-2.86.3/lib/libglib-2.0.so.0.8600.3
7f7fb81ff000-7f7fb8200000 rw-p 00000000 00:00 0 
7f7fb8200000-7f7fb823c000 r--p 00000000 00:1c 3834739                    /nix/store/hr16jj6ll2c5j9b81y47cm05zyb6pbqb-gnutls-3.8.11/lib/libgnutls.so.30.41.0
7f7fb823c000-7f7fb8393000 r-xp 0003c000 00:1c 3834739                    /nix/store/hr16jj6ll2c5j9b81y47cm05zyb6pbqb-gnutls-3.8.11/lib/libgnutls.so.30.41.0
7f7fb8393000-7f7fb8429000 r--p 00193000 00:1c 3834739                    /nix/store/hr16jj6ll2c5j9b81y47cm05zyb6pbqb-gnutls-3.8.11/lib/libgnutls.so.30.41.0
7f7fb8429000-7f7fb843b000 r--p 00229000 00:1c 3834739                    /nix/store/hr16jj6ll2c5j9b81y47cm05zyb6pbqb-gnutls-3.8.11/lib/libgnutls.so.30.41.0
7f7fb843b000-7f7fb843e000 rw-p 0023b000 00:1c 3834739                    /nix/store/hr16jj6ll2c5j9b81y47cm05zyb6pbqb-gnutls-3.8.11/lib/libgnutls.so.30.41.0
7f7fb843e000-7f7fb8442000 rw-p 00000000 00:00 0 
7f7fb8442000-7f7fb8444000 rw-p 00000000 00:00 0 
7f7fb8444000-7f7fb8446000 r--p 00000000 00:1c 3820793                    /nix/store/sk07aw3nnfhgh77cwk7824y99kpdhdik-libxfixes-6.0.2/lib/libXfixes.so.3.1.0
7f7fb8446000-7f7fb8449000 r-xp 00002000 00:1c 3820793                    /nix/store/sk07aw3nnfhgh77cwk7824y99kpdhdik-libxfixes-6.0.2/lib/libXfixes.so.3.1.0
7f7fb8449000-7f7fb844a000 r--p 00005000 00:1c 3820793                    /nix/store/sk07aw3nnfhgh77cwk7824y99kpdhdik-libxfixes-6.0.2/lib/libXfixes.so.3.1.0
7f7fb844a000-7f7fb844b000 r--p 00005000 00:1c 3820793                    /nix/store/sk07aw3nnfhgh77cwk7824y99kpdhdik-libxfixes-6.0.2/lib/libXfixes.so.3.1.0
7f7fb844b000-7f7fb844c000 rw-p 00006000 00:1c 3820793                    /nix/store/sk07aw3nnfhgh77cwk7824y99kpdhdik-libxfixes-6.0.2/lib/libXfixes.so.3.1.0
7f7fb844c000-7f7fb8450000 r--p 00000000 00:1c 3841431                    /nix/store/5nbvsm40g4pdl8dyjil3zi426czf39qv-cairo-1.18.4/lib/libcairo-gobject.so.2.11804.4
7f7fb8450000-7f7fb8452000 r-xp 00004000 00:1c 3841431                    /nix/store/5nbvsm40g4pdl8dyjil3zi426czf39qv-cairo-1.18.4/lib/libcairo-gobject.so.2.11804.4
7f7fb8452000-7f7fb8454000 r--p 00006000 00:1c 3841431                    /nix/store/5nbvsm40g4pdl8dyjil3zi426czf39qv-cairo-1.18.4/lib/libcairo-gobject.so.2.11804.4
7f7fb8454000-7f7fb8456000 r--p 00008000 00:1c 3841431                    /nix/store/5nbvsm40g4pdl8dyjil3zi426czf39qv-cairo-1.18.4/lib/libcairo-gobject.so.2.11804.4
7f7fb8456000-7f7fb8457000 rw-p 0000a000 00:1c 3841431                    /nix/store/5nbvsm40g4pdl8dyjil3zi426czf39qv-cairo-1.18.4/lib/libcairo-gobject.so.2.11804.4
7f7fb8457000-7f7fb8459000 r--p 00000000 00:1c 3771723                    /nix/store/dkw48k243m15sjwlawz1lc6vmmbqwh4b-fribidi-1.0.16/lib/libfribidi.so.0.4.0
7f7fb8459000-7f7fb845f000 r-xp 00002000 00:1c 3771723                    /nix/store/dkw48k243m15sjwlawz1lc6vmmbqwh4b-fribidi-1.0.16/lib/libfribidi.so.0.4.0
7f7fb845f000-7f7fb8476000 r--p 00008000 00:1c 3771723                    /nix/store/dkw48k243m15sjwlawz1lc6vmmbqwh4b-fribidi-1.0.16/lib/libfribidi.so.0.4.0
7f7fb8476000-7f7fb8477000 r--p 0001e000 00:1c 3771723                    /nix/store/dkw48k243m15sjwlawz1lc6vmmbqwh4b-fribidi-1.0.16/lib/libfribidi.so.0.4.0
7f7fb8477000-7f7fb8478000 rw-p 0001f000 00:1c 3771723                    /nix/store/dkw48k243m15sjwlawz1lc6vmmbqwh4b-fribidi-1.0.16/lib/libfribidi.so.0.4.0
7f7fb8478000-7f7fb848c000 r--p 00000000 00:1c 3851240                    /nix/store/pv79l02aklsd6sjh9wxrs9ip3k0a5rln-pango-1.57.0/lib/libpango-1.0.so.0.5700.0
7f7fb848c000-7f7fb84cc000 r-xp 00014000 00:1c 3851240                    /nix/store/pv79l02aklsd6sjh9wxrs9ip3k0a5rln-pango-1.57.0/lib/libpango-1.0.so.0.5700.0
7f7fb84cc000-7f7fb84e6000 r--p 00054000 00:1c 3851240                    /nix/store/pv79l02aklsd6sjh9wxrs9ip3k0a5rln-pango-1.57.0/lib/libpango-1.0.so.0.5700.0
7f7fb84e6000-7f7fb84ea000 r--p 0006e000 00:1c 3851240                    /nix/store/pv79l02aklsd6sjh9wxrs9ip3k0a5rln-pango-1.57.0/lib/libpango-1.0.so.0.5700.0
7f7fb84ea000-7f7fb84eb000 rw-p 00072000 00:1c 3851240                    /nix/store/pv79l02aklsd6sjh9wxrs9ip3k0a5rln-pango-1.57.0/lib/libpango-1.0.so.0.5700.0
7f7fb84eb000-7f7fb851d000 r--p 00000000 00:1c 3884431                    /nix/store/cg89xd93ldyjwxjw05zzpgs1yr3nzj9c-gtk+3-3.24.51/lib/libgdk-3.so.0.2419.32
7f7fb851d000-7f7fb85ab000 r-xp 00032000 00:1c 3884431                    /nix/store/cg89xd93ldyjwxjw05zzpgs1yr3nzj9c-gtk+3-3.24.51/lib/libgdk-3.so.0.2419.32
7f7fb85ab000-7f7fb85f3000 r--p 000c0000 00:1c 3884431                    /nix/store/cg89xd93ldyjwxjw05zzpgs1yr3nzj9c-gtk+3-3.24.51/lib/libgdk-3.so.0.2419.32
7f7fb85f3000-7f7fb85fd000 r--p 00107000 00:1c 3884431                    /nix/store/cg89xd93ldyjwxjw05zzpgs1yr3nzj9c-gtk+3-3.24.51/lib/libgdk-3.so.0.2419.32
7f7fb85fd000-7f7fb85ff000 rw-p 00111000 00:1c 3884431                    /nix/store/cg89xd93ldyjwxjw05zzpgs1yr3nzj9c-gtk+3-3.24.51/lib/libgdk-3.so.0.2419.32
7f7fb85ff000-7f7fb8600000 rw-p 00000000 00:00 0 
7f7fb8600000-7f7fb8628000 r--p 00000000 00:1c 3754790                    /nix/store/wb6rhpznjfczwlwx23zmdrrw74bayxw4-glibc-2.42-47/lib/libc.so.6
7f7fb8628000-7f7fb87a9000 r-xp 00028000 00:1c 3754790                    /nix/store/wb6rhpznjfczwlwx23zmdrrw74bayxw4-glibc-2.42-47/lib/libc.so.6
7f7fb87a9000-7f7fb87f8000 r--p 001a9000 00:1c 3754790                    /nix/store/wb6rhpznjfczwlwx23zmdrrw74bayxw4-glibc-2.42-47/lib/libc.so.6
7f7fb87f8000-7f7fb87fc000 r--p 001f7000 00:1c 3754790                    /nix/store/wb6rhpznjfczwlwx23zmdrrw74bayxw4-glibc-2.42-47/lib/libc.so.6
7f7fb87fc000-7f7fb87fe000 rw-p 001fb000 00:1c 3754790                    /nix/store/wb6rhpznjfczwlwx23zmdrrw74bayxw4-glibc-2.42-47/lib/libc.so.6
7f7fb87fe000-7f7fb880b000 rw-p 00000000 00:00 0 
7f7fb880b000-7f7fb8814000 r--p 00000000 00:1c 3852370                    /nix/store/pv79l02aklsd6sjh9wxrs9ip3k0a5rln-pango-1.57.0/lib/libpangoft2-1.0.so.0.5700.0
7f7fb8814000-7f7fb8822000 r-xp 00009000 00:1c 3852370                    /nix/store/pv79l02aklsd6sjh9wxrs9ip3k0a5rln-pango-1.57.0/lib/libpangoft2-1.0.so.0.5700.0
7f7fb8822000-7f7fb8826000 r--p 00017000 00:1c 3852370                    /nix/store/pv79l02aklsd6sjh9wxrs9ip3k0a5rln-pango-1.57.0/lib/libpangoft2-1.0.so.0.5700.0
7f7fb8826000-7f7fb8827000 r--p 0001b000 00:1c 3852370                    /nix/store/pv79l02aklsd6sjh9wxrs9ip3k0a5rln-pango-1.57.0/lib/libpangoft2-1.0.so.0.5700.0
7f7fb8827000-7f7fb8828000 rw-p 0001c000 00:1c 3852370                    /nix/store/pv79l02aklsd6sjh9wxrs9ip3k0a5rln-pango-1.57.0/lib/libpangoft2-1.0.so.0.5700.0
7f7fb8828000-7f7fb882e000 r--p 00000000 00:1c 3852277                    /nix/store/pv79l02aklsd6sjh9wxrs9ip3k0a5rln-pango-1.57.0/lib/libpangocairo-1.0.so.0.5700.0
7f7fb882e000-7f7fb8835000 r-xp 00006000 00:1c 3852277                    /nix/store/pv79l02aklsd6sjh9wxrs9ip3k0a5rln-pango-1.57.0/lib/libpangocairo-1.0.so.0.5700.0
7f7fb8835000-7f7fb8837000 r--p 0000d000 00:1c 3852277                    /nix/store/pv79l02aklsd6sjh9wxrs9ip3k0a5rln-pango-1.57.0/lib/libpangocairo-1.0.so.0.5700.0
7f7fb8837000-7f7fb8838000 r--p 0000f000 00:1c 3852277                    /nix/store/pv79l02aklsd6sjh9wxrs9ip3k0a5rln-pango-1.57.0/lib/libpangocairo-1.0.so.0.5700.0
7f7fb8838000-7f7fb8839000 rw-p 00010000 00:1c 3852277                    /nix/store/pv79l02aklsd6sjh9wxrs9ip3k0a5rln-pango-1.57.0/lib/libpangocairo-1.0.so.0.5700.0
7f7fb8839000-7f7fb8849000 r--p 00000000 00:1c 3836299                    /nix/store/fgzpllmvbk3l258j0f3ib7k44lksbqnp-glib-2.86.3/lib/libgobject-2.0.so.0.8600.3
7f7fb8849000-7f7fb8881000 r-xp 00010000 00:1c 3836299                    /nix/store/fgzpllmvbk3l258j0f3ib7k44lksbqnp-glib-2.86.3/lib/libgobject-2.0.so.0.8600.3
7f7fb8881000-7f7fb8899000 r--p 00048000 00:1c 3836299                    /nix/store/fgzpllmvbk3l258j0f3ib7k44lksbqnp-glib-2.86.3/lib/libgobject-2.0.so.0.8600.3
7f7fb8899000-7f7fb889c000 r--p 00060000 00:1c 3836299                    /nix/store/fgzpllmvbk3l258j0f3ib7k44lksbqnp-glib-2.86.3/lib/libgobject-2.0.so.0.8600.3
7f7fb889c000-7f7fb889d000 rw-p 00063000 00:1c 3836299                    /nix/store/fgzpllmvbk3l258j0f3ib7k44lksbqnp-glib-2.86.3/lib/libgobject-2.0.so.0.8600.3
7f7fb889d000-7f7fb889f000 r--p 00000000 00:1c 3836287                    /nix/store/fgzpllmvbk3l258j0f3ib7k44lksbqnp-glib-2.86.3/lib/libgmodule-2.0.so.0.8600.3
7f7fb889f000-7f7fb88a1000 r-xp 00002000 00:1c 3836287                    /nix/store/fgzpllmvbk3l258j0f3ib7k44lksbqnp-glib-2.86.3/lib/libgmodule-2.0.so.0.8600.3
7f7fb88a1000-7f7fb88a2000 r--p 00004000 00:1c 3836287                    /nix/store/fgzpllmvbk3l258j0f3ib7k44lksbqnp-glib-2.86.3/lib/libgmodule-2.0.so.0.8600.3
7f7fb88a2000-7f7fb88a3000 r--p 00004000 00:1c 3836287                    /nix/store/fgzpllmvbk3l258j0f3ib7k44lksbqnp-glib-2.86.3/lib/libgmodule-2.0.so.0.8600.3
7f7fb88a3000-7f7fb88a4000 rw-p 00005000 00:1c 3836287                    /nix/store/fgzpllmvbk3l258j0f3ib7k44lksbqnp-glib-2.86.3/lib/libgmodule-2.0.so.0.8600.3
7f7fb88a4000-7f7fb88a6000 r--p 00000000 00:1c 3820833                    /nix/store/4hm802941g9kl9w49wgf06yf504d8ja1-libxrender-0.9.12/lib/libXrender.so.1.3.0
7f7fb88a6000-7f7fb88ad000 r-xp 00002000 00:1c 3820833                    /nix/store/4hm802941g9kl9w49wgf06yf504d8ja1-libxrender-0.9.12/lib/libXrender.so.1.3.0
7f7fb88ad000-7f7fb88ae000 r--p 00009000 00:1c 3820833                    /nix/store/4hm802941g9kl9w49wgf06yf504d8ja1-libxrender-0.9.12/lib/libXrender.so.1.3.0
7f7fb88ae000-7f7fb88af000 r--p 0000a000 00:1c 3820833                    /nix/store/4hm802941g9kl9w49wgf06yf504d8ja1-libxrender-0.9.12/lib/libXrender.so.1.3.0
7f7fb88af000-7f7fb88b0000 rw-p 0000b000 00:1c 3820833                    /nix/store/4hm802941g9kl9w49wgf06yf504d8ja1-libxrender-0.9.12/lib/libXrender.so.1.3.0
7f7fb88b0000-7f7fb88ce000 r--p 00000000 00:1c 3816834                    /nix/store/0iwk3dvbzgdhd05zxys60n0ba413kcxn-libx11-1.8.12/lib/libX11.so.6.4.0
7f7fb88ce000-7f7fb896a000 r-xp 0001e000 00:1c 3816834                    /nix/store/0iwk3dvbzgdhd05zxys60n0ba413kcxn-libx11-1.8.12/lib/libX11.so.6.4.0
7f7fb896a000-7f7fb89f9000 r--p 000ba000 00:1c 3816834                    /nix/store/0iwk3dvbzgdhd05zxys60n0ba413kcxn-libx11-1.8.12/lib/libX11.so.6.4.0
7f7fb89f9000-7f7fb89fc000 r--p 00149000 00:1c 3816834                    /nix/store/0iwk3dvbzgdhd05zxys60n0ba413kcxn-libx11-1.8.12/lib/libX11.so.6.4.0
7f7fb89fc000-7f7fb8a00000 rw-p 0014c000 00:1c 3816834                    /nix/store/0iwk3dvbzgdhd05zxys60n0ba413kcxn-libx11-1.8.12/lib/libX11.so.6.4.0
7f7fb8a00000-7f7fb8a44000 r--p 00000000 00:1c 3834824                    /nix/store/fgzpllmvbk3l258j0f3ib7k44lksbqnp-glib-2.86.3/lib/libgio-2.0.so.0.8600.3
7f7fb8a44000-7f7fb8b77000 r-xp 00044000 00:1c 3834824                    /nix/store/fgzpllmvbk3l258j0f3ib7k44lksbqnp-glib-2.86.3/lib/libgio-2.0.so.0.8600.3
7f7fb8b77000-7f7fb8bf6000 r--p 00177000 00:1c 3834824                    /nix/store/fgzpllmvbk3l258j0f3ib7k44lksbqnp-glib-2.86.3/lib/libgio-2.0.so.0.8600.3
7f7fb8bf6000-7f7fb8c00000 r--p 001f5000 00:1c 3834824                    /nix/store/fgzpllmvbk3l258j0f3ib7k44lksbqnp-glib-2.86.3/lib/libgio-2.0.so.0.8600.3
7f7fb8c00000-7f7fb8c01000 rw-p 001ff000 00:1c 3834824                    /nix/store/fgzpllmvbk3l258j0f3ib7k44lksbqnp-glib-2.86.3/lib/libgio-2.0.so.0.8600.3
7f7fb8c01000-7f7fb8c03000 rw-p 00000000 00:00 0 
7f7fb8c03000-7f7fb8c04000 rw-p 00000000 00:00 0 
7f7fb8c04000-7f7fb8c06000 rw-p 00000000 00:00 0 
7f7fb8c06000-7f7fb8c0a000 r--p 00000000 00:1c 3820812                    /nix/store/56n8all0668rxns0pcszrdz44cx7wsgn-libxext-1.3.6/lib/libXext.so.6.4.0
7f7fb8c0a000-7f7fb8c16000 r-xp 00004000 00:1c 3820812                    /nix/store/56n8all0668rxns0pcszrdz44cx7wsgn-libxext-1.3.6/lib/libXext.so.6.4.0
7f7fb8c16000-7f7fb8c19000 r--p 00010000 00:1c 3820812                    /nix/store/56n8all0668rxns0pcszrdz44cx7wsgn-libxext-1.3.6/lib/libXext.so.6.4.0
7f7fb8c19000-7f7fb8c1a000 r--p 00012000 00:1c 3820812                    /nix/store/56n8all0668rxns0pcszrdz44cx7wsgn-libxext-1.3.6/lib/libXext.so.6.4.0
7f7fb8c1a000-7f7fb8c1b000 rw-p 00013000 00:1c 3820812                    /nix/store/56n8all0668rxns0pcszrdz44cx7wsgn-libxext-1.3.6/lib/libXext.so.6.4.0
7f7fb8c1b000-7f7fb8c1f000 r--p 00000000 00:1c 3882734                    /nix/store/d878n04hb47ab8ilx30zrd2xh2mii32v-avahi-0.8/lib/libavahi-client.so.3.2.9
7f7fb8c1f000-7f7fb8c29000 r-xp 00004000 00:1c 3882734                    /nix/store/d878n04hb47ab8ilx30zrd2xh2mii32v-avahi-0.8/lib/libavahi-client.so.3.2.9
7f7fb8c29000-7f7fb8c2d000 r--p 0000e000 00:1c 3882734                    /nix/store/d878n04hb47ab8ilx30zrd2xh2mii32v-avahi-0.8/lib/libavahi-client.so.3.2.9
7f7fb8c2d000-7f7fb8c2e000 r--p 00012000 00:1c 3882734                    /nix/store/d878n04hb47ab8ilx30zrd2xh2mii32v-avahi-0.8/lib/libavahi-client.so.3.2.9
7f7fb8c2e000-7f7fb8c2f000 rw-p 00013000 00:1c 3882734                    /nix/store/d878n04hb47ab8ilx30zrd2xh2mii32v-avahi-0.8/lib/libavahi-client.so.3.2.9
7f7fb8c2f000-7f7fb8c40000 r--p 00000000 00:1c 3756194                    /nix/store/wb6rhpznjfczwlwx23zmdrrw74bayxw4-glibc-2.42-47/lib/libm.so.6
7f7fb8c40000-7f7fb8cc5000 r-xp 00011000 00:1c 3756194                    /nix/store/wb6rhpznjfczwlwx23zmdrrw74bayxw4-glibc-2.42-47/lib/libm.so.6
7f7fb8cc5000-7f7fb8d25000 r--p 00096000 00:1c 3756194                    /nix/store/wb6rhpznjfczwlwx23zmdrrw74bayxw4-glibc-2.42-47/lib/libm.so.6
7f7fb8d25000-7f7fb8d26000 r--p 000f5000 00:1c 3756194                    /nix/store/wb6rhpznjfczwlwx23zmdrrw74bayxw4-glibc-2.42-47/lib/libm.so.6
7f7fb8d26000-7f7fb8d27000 rw-p 000f6000 00:1c 3756194                    /nix/store/wb6rhpznjfczwlwx23zmdrrw74bayxw4-glibc-2.42-47/lib/libm.so.6
7f7fb8d27000-7f7fb8d36000 r--p 00000000 00:1c 3835469                    /nix/store/mjj7524kagv013g0kh0wbw0da62yfr1i-freetype-2.13.3/lib/libfreetype.so.6.20.2
7f7fb8d36000-7f7fb8dd0000 r-xp 0000f000 00:1c 3835469                    /nix/store/mjj7524kagv013g0kh0wbw0da62yfr1i-freetype-2.13.3/lib/libfreetype.so.6.20.2
7f7fb8dd0000-7f7fb8df7000 r--p 000a9000 00:1c 3835469                    /nix/store/mjj7524kagv013g0kh0wbw0da62yfr1i-freetype-2.13.3/lib/libfreetype.so.6.20.2
7f7fb8df7000-7f7fb8dff000 r--p 000cf000 00:1c 3835469                    /nix/store/mjj7524kagv013g0kh0wbw0da62yfr1i-freetype-2.13.3/lib/libfreetype.so.6.20.2
7f7fb8dff000-7f7fb8e00000 rw-p 000d7000 00:1c 3835469                    /nix/store/mjj7524kagv013g0kh0wbw0da62yfr1i-freetype-2.13.3/lib/libfreetype.so.6.20.2
7f7fb8e00000-7f7fb901b000 r--p 00000000 00:1c 3884544                    /nix/store/cg89xd93ldyjwxjw05zzpgs1yr3nzj9c-gtk+3-3.24.51/lib/libgtk-3.so.0.2419.32
7f7fb901b000-7f7fb93e5000 r-xp 0021b000 00:1c 3884544                    /nix/store/cg89xd93ldyjwxjw05zzpgs1yr3nzj9c-gtk+3-3.24.51/lib/libgtk-3.so.0.2419.32
7f7fb93e5000-7f7fb9536000 r--p 005e5000 00:1c 3884544                    /nix/store/cg89xd93ldyjwxjw05zzpgs1yr3nzj9c-gtk+3-3.24.51/lib/libgtk-3.so.0.2419.32
7f7fb9536000-7f7fb9549000 r--p 00736000 00:1c 3884544                    /nix/store/cg89xd93ldyjwxjw05zzpgs1yr3nzj9c-gtk+3-3.24.51/lib/libgtk-3.so.0.2419.32
7f7fb9549000-7f7fb954c000 rw-p 00749000 00:1c 3884544                    /nix/store/cg89xd93ldyjwxjw05zzpgs1yr3nzj9c-gtk+3-3.24.51/lib/libgtk-3.so.0.2419.32
7f7fb954c000-7f7fb955b000 rw-p 00000000 00:00 0 
7f7fb955b000-7f7fb955f000 r--p 00000000 00:1c 3882738                    /nix/store/d878n04hb47ab8ilx30zrd2xh2mii32v-avahi-0.8/lib/libavahi-common.so.3.5.4
7f7fb955f000-7f7fb9565000 r-xp 00004000 00:1c 3882738                    /nix/store/d878n04hb47ab8ilx30zrd2xh2mii32v-avahi-0.8/lib/libavahi-common.so.3.5.4
7f7fb9565000-7f7fb9569000 r--p 0000a000 00:1c 3882738                    /nix/store/d878n04hb47ab8ilx30zrd2xh2mii32v-avahi-0.8/lib/libavahi-common.so.3.5.4
7f7fb9569000-7f7fb956a000 r--p 0000d000 00:1c 3882738                    /nix/store/d878n04hb47ab8ilx30zrd2xh2mii32v-avahi-0.8/lib/libavahi-common.so.3.5.4
7f7fb956a000-7f7fb956b000 rw-p 0000e000 00:1c 3882738                    /nix/store/d878n04hb47ab8ilx30zrd2xh2mii32v-avahi-0.8/lib/libavahi-common.so.3.5.4
7f7fb956b000-7f7fb956d000 rw-p 00000000 00:00 0 
7f7fb956d000-7f7fb9571000 r--p 00000000 00:1c 3771653                    /nix/store/p5gjx03bq07a80zqibfi35yrryg5d74f-expat-2.7.3/lib/libexpat.so.1.11.1
7f7fb9571000-7f7fb9591000 r-xp 00004000 00:1c 3771653                    /nix/store/p5gjx03bq07a80zqibfi35yrryg5d74f-expat-2.7.3/lib/libexpat.so.1.11.1
7f7fb9591000-7f7fb9599000 r--p 00024000 00:1c 3771653                    /nix/store/p5gjx03bq07a80zqibfi35yrryg5d74f-expat-2.7.3/lib/libexpat.so.1.11.1
7f7fb9599000-7f7fb959b000 r--p 0002c000 00:1c 3771653                    /nix/store/p5gjx03bq07a80zqibfi35yrryg5d74f-expat-2.7.3/lib/libexpat.so.1.11.1
7f7fb959b000-7f7fb959c000 rw-p 0002e000 00:1c 3771653                    /nix/store/p5gjx03bq07a80zqibfi35yrryg5d74f-expat-2.7.3/lib/libexpat.so.1.11.1
7f7fb959c000-7f7fb959d000 r--p 00000000 00:1c 3768794                    /nix/store/q5hdxy658850yynggmkjblbqfgs1w4nq-brotli-1.2.0-lib/lib/libbrotlidec.so.1.2.0
7f7fb959d000-7f7fb95a6000 r-xp 00001000 00:1c 3768794                    /nix/store/q5hdxy658850yynggmkjblbqfgs1w4nq-brotli-1.2.0-lib/lib/libbrotlidec.so.1.2.0
7f7fb95a6000-7f7fb95a9000 r--p 0000a000 00:1c 3768794                    /nix/store/q5hdxy658850yynggmkjblbqfgs1w4nq-brotli-1.2.0-lib/lib/libbrotlidec.so.1.2.0
7f7fb95a9000-7f7fb95aa000 r--p 0000c000 00:1c 3768794                    /nix/store/q5hdxy658850yynggmkjblbqfgs1w4nq-brotli-1.2.0-lib/lib/libbrotlidec.so.1.2.0
7f7fb95aa000-7f7fb95ab000 rw-p 0000d000 00:1c 3768794                    /nix/store/q5hdxy658850yynggmkjblbqfgs1w4nq-brotli-1.2.0-lib/lib/libbrotlidec.so.1.2.0
7f7fb95ab000-7f7fb95b2000 r--p 00000000 00:1c 3834898                    /nix/store/2sxzsi57ps8m5sz3119mqbjk40fdcxk9-libpng-apng-1.6.53/lib/libpng16.so.16.53.0
7f7fb95b2000-7f7fb95dc000 r-xp 00007000 00:1c 3834898                    /nix/store/2sxzsi57ps8m5sz3119mqbjk40fdcxk9-libpng-apng-1.6.53/lib/libpng16.so.16.53.0
7f7fb95dc000-7f7fb95e6000 r--p 00031000 00:1c 3834898                    /nix/store/2sxzsi57ps8m5sz3119mqbjk40fdcxk9-libpng-apng-1.6.53/lib/libpng16.so.16.53.0
7f7fb95e6000-7f7fb95e7000 r--p 0003b000 00:1c 3834898                    /nix/store/2sxzsi57ps8m5sz3119mqbjk40fdcxk9-libpng-apng-1.6.53/lib/libpng16.so.16.53.0
7f7fb95e7000-7f7fb95e8000 rw-p 0003c000 00:1c 3834898                    /nix/store/2sxzsi57ps8m5sz3119mqbjk40fdcxk9-libpng-apng-1.6.53/lib/libpng16.so.16.53.0
7f7fb95e8000-7f7fb95ea000 r--p 00000000 00:1c 3768707                    /nix/store/bhz2i66mwm3vdyslixazss6a46h48ib5-bzip2-1.0.8/lib/libbz2.so.1.0.8
7f7fb95ea000-7f7fb95f9000 r-xp 00002000 00:1c 3768707                    /nix/store/bhz2i66mwm3vdyslixazss6a46h48ib5-bzip2-1.0.8/lib/libbz2.so.1.0.8
7f7fb95f9000-7f7fb95fb000 r--p 00011000 00:1c 3768707                    /nix/store/bhz2i66mwm3vdyslixazss6a46h48ib5-bzip2-1.0.8/lib/libbz2.so.1.0.8
7f7fb95fb000-7f7fb95fc000 r--p 00012000 00:1c 3768707                    /nix/store/bhz2i66mwm3vdyslixazss6a46h48ib5-bzip2-1.0.8/lib/libbz2.so.1.0.8
7f7fb95fc000-7f7fb95fd000 rw-p 00013000 00:1c 3768707                    /nix/store/bhz2i66mwm3vdyslixazss6a46h48ib5-bzip2-1.0.8/lib/libbz2.so.1.0.8
7f7fb95fd000-7f7fb95ff000 rw-p 00000000 00:00 0 
7f7fb95ff000-7f7fb9603000 r--p 00000000 00:1c 3834701                    /nix/store/6gdwlkcs88jq7lcqrqzb2lr3aav5vpha-file-5.45/lib/libmagic.so.1.0.0
7f7fb9603000-7f7fb9622000 r-xp 00004000 00:1c 3834701                    /nix/store/6gdwlkcs88jq7lcqrqzb2lr3aav5vpha-file-5.45/lib/libmagic.so.1.0.0
7f7fb9622000-7f7fb962a000 r--p 00023000 00:1c 3834701                    /nix/store/6gdwlkcs88jq7lcqrqzb2lr3aav5vpha-file-5.45/lib/libmagic.so.1.0.0
7f7fb962a000-7f7fb962c000 r--p 0002a000 00:1c 3834701                    /nix/store/6gdwlkcs88jq7lcqrqzb2lr3aav5vpha-file-5.45/lib/libmagic.so.1.0.0
7f7fb962c000-7f7fb962d000 rw-p 0002c000 00:1c 3834701                    /nix/store/6gdwlkcs88jq7lcqrqzb2lr3aav5vpha-file-5.45/lib/libmagic.so.1.0.0
7f7fb962d000-7f7fb962f000 rw-p 00000000 00:00 0 
7f7fb962f000-7f7fb9631000 r--p 00000000 00:1c 3820928                    /nix/store/64c50fvn61nfnz21gjh81qq216nacbgr-libxrandr-1.5.4/lib/libXrandr.so.2.2.0
7f7fb9631000-7f7fb9638000 r-xp 00002000 00:1c 3820928                    /nix/store/64c50fvn61nfnz21gjh81qq216nacbgr-libxrandr-1.5.4/lib/libXrandr.so.2.2.0
7f7fb9638000-7f7fb963a000 r--p 00009000 00:1c 3820928                    /nix/store/64c50fvn61nfnz21gjh81qq216nacbgr-libxrandr-1.5.4/lib/libXrandr.so.2.2.0
7f7fb963a000-7f7fb963b000 r--p 0000a000 00:1c 3820928                    /nix/store/64c50fvn61nfnz21gjh81qq216nacbgr-libxrandr-1.5.4/lib/libXrandr.so.2.2.0
7f7fb963b000-7f7fb963c000 rw-p 0000b000 00:1c 3820928                    /nix/store/64c50fvn61nfnz21gjh81qq216nacbgr-libxrandr-1.5.4/lib/libXrandr.so.2.2.0
7f7fb963c000-7f7fb963d000 r--p 00000000 00:1c 3820880                    /nix/store/dyvkanh9lqlxa6zr94w8z91yp5lsas2k-libxinerama-1.1.5/lib/libXinerama.so.1.0.0
7f7fb963d000-7f7fb963e000 r-xp 00001000 00:1c 3820880                    /nix/store/dyvkanh9lqlxa6zr94w8z91yp5lsas2k-libxinerama-1.1.5/lib/libXinerama.so.1.0.0
7f7fb963e000-7f7fb963f000 r--p 00002000 00:1c 3820880                    /nix/store/dyvkanh9lqlxa6zr94w8z91yp5lsas2k-libxinerama-1.1.5/lib/libXinerama.so.1.0.0
7f7fb963f000-7f7fb9640000 r--p 00002000 00:1c 3820880                    /nix/store/dyvkanh9lqlxa6zr94w8z91yp5lsas2k-libxinerama-1.1.5/lib/libXinerama.so.1.0.0
7f7fb9640000-7f7fb9641000 rw-p 00003000 00:1c 3820880                    /nix/store/dyvkanh9lqlxa6zr94w8z91yp5lsas2k-libxinerama-1.1.5/lib/libXinerama.so.1.0.0
7f7fb9641000-7f7fb9661000 r--p 00000000 00:1c 3883635                    /nix/store/rcp235j37hm37z95gbycan2l1afp2fbg-cups-2.4.16-lib/lib/libcups.so.2
7f7fb9661000-7f7fb96ab000 r-xp 00020000 00:1c 3883635                    /nix/store/rcp235j37hm37z95gbycan2l1afp2fbg-cups-2.4.16-lib/lib/libcups.so.2
7f7fb96ab000-7f7fb96c5000 r--p 0006a000 00:1c 3883635                    /nix/store/rcp235j37hm37z95gbycan2l1afp2fbg-cups-2.4.16-lib/lib/libcups.so.2
7f7fb96c5000-7f7fb96cf000 r--p 00083000 00:1c 3883635                    /nix/store/rcp235j37hm37z95gbycan2l1afp2fbg-cups-2.4.16-lib/lib/libcups.so.2
7f7fb96cf000-7f7fb96d0000 rw-p 0008d000 00:1c 3883635                    /nix/store/rcp235j37hm37z95gbycan2l1afp2fbg-cups-2.4.16-lib/lib/libcups.so.2
7f7fb96d0000-7f7fb96d8000 r--p 00000000 00:1c 3835855                    /nix/store/cmpddlfv1l4g1y77z7g8pxmdhsqjz0w1-fontconfig-2.17.1-lib/lib/libfontconfig.so.1.16.1
7f7fb96d8000-7f7fb9707000 r-xp 00008000 00:1c 3835855                    /nix/store/cmpddlfv1l4g1y77z7g8pxmdhsqjz0w1-fontconfig-2.17.1-lib/lib/libfontconfig.so.1.16.1
7f7fb9707000-7f7fb971f000 r--p 00037000 00:1c 3835855                    /nix/store/cmpddlfv1l4g1y77z7g8pxmdhsqjz0w1-fontconfig-2.17.1-lib/lib/libfontconfig.so.1.16.1
7f7fb971f000-7f7fb9721000 r--p 0004f000 00:1c 3835855                    /nix/store/cmpddlfv1l4g1y77z7g8pxmdhsqjz0w1-fontconfig-2.17.1-lib/lib/libfontconfig.so.1.16.1
7f7fb9721000-7f7fb9722000 rw-p 00051000 00:1c 3835855                    /nix/store/cmpddlfv1l4g1y77z7g8pxmdhsqjz0w1-fontconfig-2.17.1-lib/lib/libfontconfig.so.1.16.1
7f7fb9722000-7f7fb9723000 r--p 00000000 00:1c 3756178                    /nix/store/wb6rhpznjfczwlwx23zmdrrw74bayxw4-glibc-2.42-47/lib/libdl.so.2
7f7fb9723000-7f7fb9724000 r-xp 00001000 00:1c 3756178                    /nix/store/wb6rhpznjfczwlwx23zmdrrw74bayxw4-glibc-2.42-47/lib/libdl.so.2
7f7fb9724000-7f7fb9725000 r--p 00002000 00:1c 3756178                    /nix/store/wb6rhpznjfczwlwx23zmdrrw74bayxw4-glibc-2.42-47/lib/libdl.so.2
7f7fb9725000-7f7fb9726000 r--p 00002000 00:1c 3756178                    /nix/store/wb6rhpznjfczwlwx23zmdrrw74bayxw4-glibc-2.42-47/lib/libdl.so.2
7f7fb9726000-7f7fb9727000 rw-p 00003000 00:1c 3756178                    /nix/store/wb6rhpznjfczwlwx23zmdrrw74bayxw4-glibc-2.42-47/lib/libdl.so.2
7f7fb9727000-7f7fb9729000 rw-p 00000000 00:00 0 
7f7fb9729000-7f7fb972a000 r--p 00000000 00:1c 3757450                    /nix/store/wb6rhpznjfczwlwx23zmdrrw74bayxw4-glibc-2.42-47/lib/libpthread.so.0
7f7fb972a000-7f7fb972b000 r-xp 00001000 00:1c 3757450                    /nix/store/wb6rhpznjfczwlwx23zmdrrw74bayxw4-glibc-2.42-47/lib/libpthread.so.0
7f7fb972b000-7f7fb972c000 r--p 00002000 00:1c 3757450                    /nix/store/wb6rhpznjfczwlwx23zmdrrw74bayxw4-glibc-2.42-47/lib/libpthread.so.0
7f7fb972c000-7f7fb972d000 r--p 00002000 00:1c 3757450                    /nix/store/wb6rhpznjfczwlwx23zmdrrw74bayxw4-glibc-2.42-47/lib/libpthread.so.0
7f7fb972d000-7f7fb972e000 rw-p 00003000 00:1c 3757450                    /nix/store/wb6rhpznjfczwlwx23zmdrrw74bayxw4-glibc-2.42-47/lib/libpthread.so.0
7f7fb972e000-7f7fb9731000 r--p 00000000 00:1c 4840254                    /nix/store/3xf2cjni3xqn10xnsa0cyvjmnd8sqg7b-openjdk-17.0.18+8/lib/openjdk/lib/libjli.so
7f7fb9731000-7f7fb973b000 r-xp 00003000 00:1c 4840254                    /nix/store/3xf2cjni3xqn10xnsa0cyvjmnd8sqg7b-openjdk-17.0.18+8/lib/openjdk/lib/libjli.so
7f7fb973b000-7f7fb973e000 r--p 0000d000 00:1c 4840254                    /nix/store/3xf2cjni3xqn10xnsa0cyvjmnd8sqg7b-openjdk-17.0.18+8/lib/openjdk/lib/libjli.so
7f7fb973e000-7f7fb973f000 r--p 00010000 00:1c 4840254                    /nix/store/3xf2cjni3xqn10xnsa0cyvjmnd8sqg7b-openjdk-17.0.18+8/lib/openjdk/lib/libjli.so
7f7fb973f000-7f7fb9740000 rw-p 00011000 00:1c 4840254                    /nix/store/3xf2cjni3xqn10xnsa0cyvjmnd8sqg7b-openjdk-17.0.18+8/lib/openjdk/lib/libjli.so
7f7fb9740000-7f7fb9743000 r--p 00000000 00:1c 3833931                    /nix/store/ri9paa3mri4kqakljak8ldvbcp7lpmif-zlib-1.3.1/lib/libz.so.1.3.1
7f7fb9743000-7f7fb9756000 r-xp 00003000 00:1c 3833931                    /nix/store/ri9paa3mri4kqakljak8ldvbcp7lpmif-zlib-1.3.1/lib/libz.so.1.3.1
7f7fb9756000-7f7fb975c000 r--p 00016000 00:1c 3833931                    /nix/store/ri9paa3mri4kqakljak8ldvbcp7lpmif-zlib-1.3.1/lib/libz.so.1.3.1
7f7fb975c000-7f7fb975d000 r--p 0001c000 00:1c 3833931                    /nix/store/ri9paa3mri4kqakljak8ldvbcp7lpmif-zlib-1.3.1/lib/libz.so.1.3.1
7f7fb975d000-7f7fb975e000 rw-p 0001d000 00:1c 3833931                    /nix/store/ri9paa3mri4kqakljak8ldvbcp7lpmif-zlib-1.3.1/lib/libz.so.1.3.1
7f7fb975e000-7f7fb9760000 rw-p 00000000 00:00 0 
7f7fb9760000-7f7fb9764000 r--p 00000000 00:00 0                          [vvar]
7f7fb9764000-7f7fb9766000 r--p 00000000 00:00 0                          [vvar_vclock]
7f7fb9766000-7f7fb9768000 r-xp 00000000 00:00 0                          [vdso]
7f7fb9768000-7f7fb9769000 r--p 00000000 00:1c 3754565                    /nix/store/wb6rhpznjfczwlwx23zmdrrw74bayxw4-glibc-2.42-47/lib/ld-linux-x86-64.so.2
7f7fb9769000-7f7fb9794000 r-xp 00001000 00:1c 3754565                    /nix/store/wb6rhpznjfczwlwx23zmdrrw74bayxw4-glibc-2.42-47/lib/ld-linux-x86-64.so.2
7f7fb9794000-7f7fb979f000 r--p 0002c000 00:1c 3754565                    /nix/store/wb6rhpznjfczwlwx23zmdrrw74bayxw4-glibc-2.42-47/lib/ld-linux-x86-64.so.2
7f7fb979f000-7f7fb97a1000 r--p 00037000 00:1c 3754565                    /nix/store/wb6rhpznjfczwlwx23zmdrrw74bayxw4-glibc-2.42-47/lib/ld-linux-x86-64.so.2
7f7fb97a1000-7f7fb97a2000 rw-p 00039000 00:1c 3754565                    /nix/store/wb6rhpznjfczwlwx23zmdrrw74bayxw4-glibc-2.42-47/lib/ld-linux-x86-64.so.2
7f7fb97a2000-7f7fb97a3000 rw-p 00000000 00:00 0 
7ffddf70f000-7ffddf732000 rw-p 00000000 00:00 0                          [stack]
ffffffffff600000-ffffffffff601000 --xp 00000000 00:00 0                  [vsyscall]


VM Arguments:
java_command: /nix/store/ph18kx2xxj3534njbbsaky501d6ch63f-mindustry-153/share/mindustry.jar
java_class_path (initial): /nix/store/ph18kx2xxj3534njbbsaky501d6ch63f-mindustry-153/share/mindustry.jar
Launcher Type: SUN_STANDARD

[Global flags]
     intx CICompilerCount                          = 4                                         {product} {ergonomic}
     uint ConcGCThreads                            = 3                                         {product} {ergonomic}
     uint G1ConcRefinementThreads                  = 10                                        {product} {ergonomic}
   size_t G1HeapRegionSize                         = 4194304                                   {product} {ergonomic}
    uintx GCDrainStackTargetSize                   = 64                                        {product} {ergonomic}
   size_t InitialHeapSize                          = 528482304                                 {product} {ergonomic}
   size_t MarkStackSize                            = 4194304                                   {product} {ergonomic}
   size_t MaxHeapSize                              = 8396996608                                {product} {ergonomic}
   size_t MaxNewSize                               = 5037359104                                {product} {ergonomic}
   size_t MinHeapDeltaBytes                        = 4194304                                   {product} {ergonomic}
   size_t MinHeapSize                              = 8388608                                   {product} {ergonomic}
    uintx NonNMethodCodeHeapSize                   = 5839372                                {pd product} {ergonomic}
    uintx NonProfiledCodeHeapSize                  = 122909434                              {pd product} {ergonomic}
    uintx ProfiledCodeHeapSize                     = 122909434                              {pd product} {ergonomic}
    uintx ReservedCodeCacheSize                    = 251658240                              {pd product} {ergonomic}
     bool SegmentedCodeCache                       = true                                      {product} {ergonomic}
   size_t SoftMaxHeapSize                          = 8396996608                             {manageable} {ergonomic}
     bool UseCompressedClassPointers               = true                           {product lp64_product} {ergonomic}
     bool UseCompressedOops                        = true                           {product lp64_product} {ergonomic}
     bool UseG1GC                                  = true                                      {product} {ergonomic}

Logging:
Log output configuration:
 #0: stdout all=warning uptime,level,tags
 #1: stderr all=off uptime,level,tags

Environment Variables:
PATH=/run/wrappers/bin:/home/inf/.nix-profile/bin:/nix/profile/bin:/home/inf/.local/state/nix/profile/bin:/etc/profiles/per-user/inf/bin:/nix/var/nix/profiles/default/bin:/run/current-system/sw/bin:/home/inf/.config/zsh/plugins/agkozak-zsh-prompt:/nix/store/lwkssj4ylgsjc9sgh5nd7jzaczgd7xmf-zenity-4.2.1/bin
XDG_CACHE_HOME=/home/inf/.cache
XDG_CONFIG_HOME=/home/inf/.config
LD_LIBRARY_PATH=/nix/store/qnamc978gh40gj3zl1s4yyk2xlhkiskl-pipewire-1.4.9-jack/lib:/nix/store/cfmbxsnjz9zvp1rl0h84hp93lxi6bp2f-libpulseaudio-17.0/lib:/nix/store/ij05c25c11dissklsp3fiysb8kah7iq5-alsa-lib-1.2.15.1/lib:/nix/store/1x66zlgj44xaki6iy1py6cy0824nhxjd-libjack2-1.9.22/lib
SHELL=/run/current-system/sw/bin/zsh
DISPLAY=:0
LANG=en_US.UTF-8
TERM=xterm-256color

Active Locale:
LC_ALL=en_US.UTF-8
LC_COLLATE=en_US.UTF-8
LC_CTYPE=en_US.UTF-8
LC_MESSAGES=en_US.UTF-8
LC_MONETARY=en_US.UTF-8
LC_NUMERIC=en_US.UTF-8
LC_TIME=en_US.UTF-8

Signal Handlers:
   SIGSEGV: crash_handler in libjvm.so, mask=11100100010111111101111111111110, flags=SA_RESTART|SA_SIGINFO, unblocked
    SIGBUS: crash_handler in libjvm.so, mask=11100100010111111101111111111110, flags=SA_RESTART|SA_SIGINFO, unblocked
    SIGFPE: crash_handler in libjvm.so, mask=11100100010111111101111111111110, flags=SA_RESTART|SA_SIGINFO, unblocked
   SIGPIPE: javaSignalHandler in libjvm.so, mask=11100100010111111101111111111110, flags=SA_RESTART|SA_SIGINFO, blocked
   SIGXFSZ: javaSignalHandler in libjvm.so, mask=11100100010111111101111111111110, flags=SA_RESTART|SA_SIGINFO, blocked
    SIGILL: crash_handler in libjvm.so, mask=11100100010111111101111111111110, flags=SA_RESTART|SA_SIGINFO, unblocked
   SIGUSR2: SR_handler in libjvm.so, mask=00000000000000000000000000000000, flags=SA_RESTART|SA_SIGINFO, blocked
    SIGHUP: UserHandler in libjvm.so, mask=11100100010111111101111111111110, flags=SA_RESTART|SA_SIGINFO, blocked
    SIGINT: UserHandler in libjvm.so, mask=11100100010111111101111111111110, flags=SA_RESTART|SA_SIGINFO, blocked
   SIGTERM: UserHandler in libjvm.so, mask=11100100010111111101111111111110, flags=SA_RESTART|SA_SIGINFO, blocked
   SIGQUIT: UserHandler in libjvm.so, mask=11100100010111111101111111111110, flags=SA_RESTART|SA_SIGINFO, blocked
   SIGTRAP: crash_handler in libjvm.so, mask=11100100010111111101111111111110, flags=SA_RESTART|SA_SIGINFO, unblocked


Periodic native trim disabled


---------------  S Y S T E M  ---------------

OS:
DISTRIB_CODENAME=yarara
DISTRIB_DESCRIPTION="NixOS 26.05 (Yarara)"
DISTRIB_ID=nixos
DISTRIB_RELEASE="26.05"
LSB_VERSION="26.05 (Yarara)"
uname: Linux 6.18.7-zen1 #1-NixOS ZEN SMP PREEMPT_DYNAMIC Tue Jan  1 00:00:00 UTC 1980 x86_64
OS uptime: 0 days 2:23 hours
libc: glibc 2.42 NPTL 2.42 
rlimit (soft/hard): STACK 8192k/infinity , CORE infinity/infinity , NPROC 128009/128009 , NOFILE 524288/524288 , AS infinity/infinity , CPU infinity/infinity , DATA infinity/infinity , FSIZE infinity/infinity , MEMLOCK 8192k/8192k
load average: 10.76 10.70 8.10

/proc/meminfo:
MemTotal:       32791500 kB
MemFree:        27852644 kB
MemAvailable:   31098000 kB
Buffers:            2612 kB
Cached:          3102976 kB
SwapCached:            0 kB
Active:          1835060 kB
Inactive:        1842504 kB
Active(anon):     580992 kB
Inactive(anon):        0 kB
Active(file):    1254068 kB
Inactive(file):  1842504 kB
Unevictable:           0 kB
Mlocked:               0 kB
SwapTotal:      32790524 kB
SwapFree:       32790524 kB
Zswap:                 0 kB
Zswapped:              0 kB
Dirty:             43784 kB
Writeback:             0 kB
AnonPages:        572972 kB
Mapped:           399440 kB
Shmem:              8232 kB
KReclaimable:     612376 kB
Slab:             824756 kB
SReclaimable:     612376 kB
SUnreclaim:       212380 kB
KernelStack:        7712 kB
PageTables:        12628 kB
SecPageTables:      3060 kB
NFS_Unstable:          0 kB
Bounce:                0 kB
WritebackTmp:          0 kB
CommitLimit:    49186272 kB
Committed_AS:    3831888 kB
VmallocTotal:   34359738367 kB
VmallocUsed:      224800 kB
VmallocChunk:          0 kB
Percpu:            13344 kB
HardwareCorrupted:     0 kB
AnonHugePages:         0 kB
ShmemHugePages:        0 kB
ShmemPmdMapped:        0 kB
FileHugePages:         0 kB
FilePmdMapped:         0 kB
CmaTotal:              0 kB
CmaFree:               0 kB
Unaccepted:            0 kB
Balloon:               0 kB
HugePages_Total:       0
HugePages_Free:        0
HugePages_Rsvd:        0
HugePages_Surp:        0
Hugepagesize:       2048 kB
Hugetlb:               0 kB
DirectMap4k:      233888 kB
DirectMap2M:     8079360 kB
DirectMap1G:    26214400 kB

/sys/kernel/mm/transparent_hugepage/enabled: always [madvise] never
/sys/kernel/mm/transparent_hugepage/hpage_pmd_size: 2097152
/sys/kernel/mm/transparent_hugepage/defrag (defrag/compaction efforts parameter): always defer [defer+madvise] madvise never

Process Memory:
Virtual Size: 12276600K (peak: 12276600K)
Resident Set Size: 142240K (peak: 142240K) (anon: 51036K, file: 91192K, shmem: 12K)
Swapped out: 0K
C-Heap outstanding allocations: 36327K, retained: 4240K
glibc malloc tunables: (default)

/proc/sys/kernel/threads-max (system-wide limit on the number of threads): 256018
/proc/sys/vm/max_map_count (maximum number of memory map areas a process may have): 1048576
/proc/sys/vm/swappiness (control to define how aggressively the kernel swaps out anonymous memory): 100
/proc/sys/kernel/pid_max (system-wide limit on number of process identifiers): 4194304

container information not found.
Steal ticks since vm start: 0
Steal ticks percentage since vm start:  0.000

CPU: total 12 (initial active 12) (12 cores per cpu, 2 threads per core) family 23 model 113 stepping 0 microcode 0x8701034, cx8, cmov, fxsr, ht, mmx, 3dnowpref, sse, sse2, sse3, ssse3, sse4a, sse4.1, sse4.2, popcnt, lzcnt, tsc, tscinvbit, avx, avx2, aes, clmul, bmi1, bmi2, adx, sha, fma, vzeroupper, clflush, clflushopt
CPU Model and flags from /proc/cpuinfo:
model name	: AMD Ryzen 5 3600 6-Core Processor
flags		: fpu vme de pse tsc msr pae mce cx8 apic sep mtrr pge mca cmov pat pse36 clflush mmx fxsr sse sse2 ht syscall nx mmxext fxsr_opt pdpe1gb rdtscp lm constant_tsc rep_good nopl xtopology nonstop_tsc cpuid extd_apicid aperfmperf rapl pni pclmulqdq monitor ssse3 fma cx16 sse4_1 sse4_2 x2apic movbe popcnt aes xsave avx f16c rdrand lahf_lm cmp_legacy svm extapic cr8_legacy abm sse4a misalignsse 3dnowprefetch osvw ibs skinit wdt tce topoext perfctr_core perfctr_nb bpext perfctr_llc mwaitx cpb cat_l3 cdp_l3 hw_pstate ssbd mba ibpb stibp vmmcall fsgsbase bmi1 avx2 smep bmi2 cqm rdt_a rdseed adx smap clflushopt clwb sha_ni xsaveopt xsavec xgetbv1 cqm_llc cqm_occup_llc cqm_mbm_total cqm_mbm_local clzero irperf xsaveerptr rdpru wbnoinvd arat npt lbrv svm_lock nrip_save tsc_scale vmcb_clean flushbyasid decodeassists pausefilter pfthreshold avic v_vmsave_vmload vgif v_spec_ctrl umip rdpid overflow_recov succor smca sev sev_es

Online cpus: 0-11
Offline cpus: 
BIOS frequency limitation: <Not Available>
Frequency switch latency (ns): 0
Available cpu frequencies: <Not Available>
Current governor: performance
Core performance/turbo boost: 1

Memory: 4k page, physical 32791500k(27852644k free), swap 32790524k(32790524k free)
Page Sizes: 4k

vm_info: OpenJDK 64-Bit Server VM (17.0.18+8-nixos) for linux-amd64 JRE (17.0.18+8-nixos), built on Jan 21 2026 20:50:38 by "" with gcc 15.2.0

END.
